Species name;Species code;Data source;n;Predictor;Size class;IUCN category;AUC;BoyceI
Accipiter gentilis;Accgen;Atlas;2254;CLIM;IV;LC;0,82;1
Accipiter gentilis;Accgen;Atlas;2254;CLIM_EFAs;IV;LC;0,84;1
Accipiter gentilis;Accgen;Atlas;2254;EFAs;IV;LC;0,8;1
Accipiter nisus;Accnis;Atlas;2638;CLIM;IV;LC;0,82;0,85
Accipiter nisus;Accnis;Atlas;2638;CLIM_EFAs;IV;LC;0,82;0,98
Accipiter nisus;Accnis;Atlas;2638;EFAs;IV;LC;0,82;0,99
Acrocephalus arundinaceus;Acraru;Atlas;1516;CLIM;IV;LC;0,86;0,91
Acrocephalus arundinaceus;Acraru;Atlas;1516;CLIM_EFAs;IV;LC;0,83;1
Acrocephalus arundinaceus;Acraru;Atlas;1516;EFAs;IV;LC;0,8;0,89
Acrocephalus melanopogon;Acrmel;Atlas;82;CLIM;I;LC;0,96;0,88
Acrocephalus melanopogon;Acrmel;Atlas;82;CLIM_EFAs;I;LC;0,94;0,77
Acrocephalus melanopogon;Acrmel;Atlas;82;EFAs;I;LC;0,87;0,49
Acrocephalus schoenobaenus;Acrsch;Atlas;26;CLIM;I;LC;0,96;-0,03
Acrocephalus schoenobaenus;Acrsch;Atlas;26;CLIM_EFAs;I;LC;0,95;-0,66
Acrocephalus schoenobaenus;Acrsch;Atlas;26;EFAs;I;LC;1;-0,55
Acrocephalus scirpaceus;Acrsci;Atlas;1796;CLIM;IV;LC;0,84;0,89
Acrocephalus scirpaceus;Acrsci;Atlas;1796;CLIM_EFAs;IV;LC;0,82;0,82
Acrocephalus scirpaceus;Acrsci;Atlas;1796;EFAs;IV;LC;0,81;0,84
Actitis hypoleucos;Acthyp;Atlas;1330;CLIM;IV;LC;0,95;0,68
Actitis hypoleucos;Acthyp;Atlas;1330;CLIM_EFAs;IV;LC;0,99;0,76
Actitis hypoleucos;Acthyp;Atlas;1330;EFAs;IV;LC;1;0,55
Aegithalos caudatus;Aegcau;Atlas;4484;CLIM;IV;LC;0,85;1
Aegithalos caudatus;Aegcau;Atlas;4484;CLIM_EFAs;IV;LC;0,85;1
Aegithalos caudatus;Aegcau;Atlas;4484;EFAs;IV;LC;0,84;0,99
Aegolius funereus;Aegfun;Atlas;54;CLIM;I;LC;1;0,76
Aegolius funereus;Aegfun;Atlas;54;CLIM_EFAs;I;LC;0,99;0,81
Aegolius funereus;Aegfun;Atlas;54;EFAs;I;LC;0,99;0,89
Aegypius monachus;Aegmon;Atlas;231;CLIM;II;LC;0,94;0,96
Aegypius monachus;Aegmon;Atlas;231;CLIM_EFAs;II;LC;0,95;0,92
Aegypius monachus;Aegmon;Atlas;231;EFAs;II;LC;0,88;0,76
Alauda arvensis;Alaarv;Atlas;3223;CLIM;IV;LC;0,89;0,91
Alauda arvensis;Alaarv;Atlas;3223;CLIM_EFAs;IV;LC;0,87;0,95
Alauda arvensis;Alaarv;Atlas;3223;EFAs;IV;LC;0,85;0,9
Alcedo atthis;Alcatt;Atlas;2316;CLIM;IV;VU;0,9;0,79
Alcedo atthis;Alcatt;Atlas;2316;CLIM_EFAs;IV;VU;0,86;0,81
Alcedo atthis;Alcatt;Atlas;2316;EFAs;IV;VU;0,78;0,78
Alectoris rufa;Aleruf;Atlas;5358;CLIM;IV;LC;0,9;1
Alectoris rufa;Aleruf;Atlas;5358;CLIM_EFAs;IV;LC;0,89;0,98
Alectoris rufa;Aleruf;Atlas;5358;EFAs;IV;LC;0,86;0,83
Anas acuta;Anaacu;Atlas;15;CLIM;I;LC;0,99;-0,74
Anas acuta;Anaacu;Atlas;15;CLIM_EFAs;I;LC;0,99;-0,88
Anas acuta;Anaacu;Atlas;15;EFAs;I;LC;0,97;-0,58
Anas clypeata;Anacly;Atlas;168;CLIM;II;LC;0,87;0,17
Anas clypeata;Anacly;Atlas;168;CLIM_EFAs;II;LC;0,88;0,2
Anas clypeata;Anacly;Atlas;168;EFAs;II;LC;0,82;0,24
Anas crecca;Anacre;Atlas;42;CLIM;I;LC;0,98;-0,34
Anas crecca;Anacre;Atlas;42;CLIM_EFAs;I;LC;1;-0,29
Anas crecca;Anacre;Atlas;42;EFAs;I;LC;1;-0,61
Anas platyrhynchos;Anapla;Atlas;3743;CLIM;IV;LC;0,88;0,57
Anas platyrhynchos;Anapla;Atlas;3743;CLIM_EFAs;IV;LC;0,82;0,68
Anas platyrhynchos;Anapla;Atlas;3743;EFAs;IV;LC;0,79;0,85
Anas querquedula;Anaque;Atlas;43;CLIM;I;LC;0,94;0,46
Anas querquedula;Anaque;Atlas;43;CLIM_EFAs;I;LC;0,92;0,35
Anas querquedula;Anaque;Atlas;43;EFAs;I;LC;0,99;-0,05
Anas strepera;Anastr;Atlas;363;CLIM;II;LC;0,88;0,87
Anas strepera;Anastr;Atlas;363;CLIM_EFAs;II;LC;0,87;0,96
Anas strepera;Anastr;Atlas;363;EFAs;II;LC;0,82;0,84
Anthus campestris;Antcam;Atlas;2314;CLIM;IV;LC;0,88;1
Anthus campestris;Antcam;Atlas;2314;CLIM_EFAs;IV;LC;0,87;0,99
Anthus campestris;Antcam;Atlas;2314;EFAs;IV;LC;0,83;0,97
Anthus pratensis;Antpra;Atlas;71;CLIM;I;NT;0,86;-0,53
Anthus pratensis;Antpra;Atlas;71;CLIM_EFAs;I;NT;0,87;-0,55
Anthus pratensis;Antpra;Atlas;71;EFAs;I;NT;0,88;-0,37
Anthus spinoletta;Antspi;Atlas;439;CLIM;II;LC;0,98;0,85
Anthus spinoletta;Antspi;Atlas;439;CLIM_EFAs;II;LC;0,97;0,71
Anthus spinoletta;Antspi;Atlas;439;EFAs;II;LC;0,98;0,59
Anthus trivialis;Anttri;Atlas;1333;CLIM;IV;LC;0,97;0,87
Anthus trivialis;Anttri;Atlas;1333;CLIM_EFAs;IV;LC;0,96;0,91
Anthus trivialis;Anttri;Atlas;1333;EFAs;IV;LC;0,95;0,88
Apus apus;Apuapu;Atlas;5659;CLIM;IV;LC;0,85;0,83
Apus apus;Apuapu;Atlas;5659;CLIM_EFAs;IV;LC;0,86;0,74
Apus apus;Apuapu;Atlas;5659;EFAs;IV;LC;0,96;0,71
Apus caffer;Apucaf;Atlas;78;CLIM;I;NT;0,94;0,89
Apus caffer;Apucaf;Atlas;78;CLIM_EFAs;I;NT;0,95;0,89
Apus caffer;Apucaf;Atlas;78;EFAs;I;NT;0,91;0,64
Apus melba;Apume;Atlas;1110;CLIM;IV;LC;0,88;0,99
Apus melba;Apume;Atlas;1110;CLIM_EFAs;IV;LC;0,87;0,91
Apus melba;Apume;Atlas;1110;EFAs;IV;LC;0,91;0,67
Apus pallidus;Apupal;Atlas;918;CLIM;III;LC;0,92;1
Apus pallidus;Apupal;Atlas;918;CLIM_EFAs;III;LC;0,91;0,99
Apus pallidus;Apupal;Atlas;918;EFAs;III;LC;0,84;0,78
Aquila adalberti;Aquada;Atlas;177;CLIM;II;VU;0,95;0,94
Aquila adalberti;Aquada;Atlas;177;CLIM_EFAs;II;VU;0,96;0,98
Aquila adalberti;Aquada;Atlas;177;EFAs;II;VU;0,89;0,74
Aquila chrysaetos;Aquchr;Atlas;2042;CLIM;IV;LC;0,86;0,87
Aquila chrysaetos;Aquchr;Atlas;2042;CLIM_EFAs;IV;LC;0,85;0,77
Aquila chrysaetos;Aquchr;Atlas;2042;EFAs;IV;LC;0,83;0,98
Aquila fasciata;Aqufas;Atlas;1102;CLIM;IV;LC;0,86;0,64
Aquila fasciata;Aqufas;Atlas;1102;CLIM_EFAs;IV;LC;0,86;0,65
Aquila fasciata;Aqufas;Atlas;1102;EFAs;IV;LC;0,82;0,83
Ardea alba;Ardalb;Atlas;17;CLIM;I;LC;0,97;0,03
Ardea alba;Ardalb;Atlas;17;CLIM_EFAs;I;LC;1;-0,5
Ardea alba;Ardalb;Atlas;17;EFAs;I;LC;1;-0,74
Ardea cinerea;Ardcin;Atlas;1263;CLIM;IV;LC;0,87;0,72
Ardea cinerea;Ardcin;Atlas;1263;CLIM_EFAs;IV;LC;0,84;0,84
Ardea cinerea;Ardcin;Atlas;1263;EFAs;IV;LC;0,76;0,67
Ardea purpurea;Ardpur;Atlas;415;CLIM;II;LC;0,9;0,76
Ardea purpurea;Ardpur;Atlas;415;CLIM_EFAs;II;LC;0,89;0,65
Ardea purpurea;Ardpur;Atlas;415;EFAs;II;LC;0,87;0,56
Ardeola ralloides;Ardral;Atlas;71;CLIM;I;LC;0,94;0,83
Ardeola ralloides;Ardral;Atlas;71;CLIM_EFAs;I;LC;0,92;0,55
Ardeola ralloides;Ardral;Atlas;71;EFAs;I;LC;0,87;0,48
Asio flammeus;Asifla;Atlas;86;CLIM;I;LC;0,91;0,41
Asio flammeus;Asifla;Atlas;86;CLIM_EFAs;I;LC;0,93;0,7
Asio flammeus;Asifla;Atlas;86;EFAs;I;LC;0,9;0,77
Asio otus;Asiotu;Atlas;1488;CLIM;IV;LC;0,86;0,63
Asio otus;Asiotu;Atlas;1488;CLIM_EFAs;IV;LC;0,89;0,79
Asio otus;Asiotu;Atlas;1488;EFAs;IV;LC;0,89;0,73
Athene noctua;Athnoc;Atlas;4800;CLIM;IV;LC;0,84;0,8
Athene noctua;Athnoc;Atlas;4800;CLIM_EFAs;IV;LC;0,84;0,84
Athene noctua;Athnoc;Atlas;4800;EFAs;IV;LC;0,83;0,89
Aythya ferina;Aytfer;Atlas;246;CLIM;II;VU;0,88;0,92
Aythya ferina;Aytfer;Atlas;246;CLIM_EFAs;II;VU;0,86;0,7
Aythya ferina;Aytfer;Atlas;246;EFAs;II;VU;0,8;0,5
Aythya fuligula;Aytful;Atlas;16;CLIM;I;LC;0,98;-0,33
Aythya fuligula;Aytful;Atlas;16;CLIM_EFAs;I;LC;0,96;-0,33
Aythya fuligula;Aytful;Atlas;16;EFAs;I;LC;0,96;-0,3
Aythya nyroca;Aytnyr;Atlas;10;CLIM;I;LC;1;0,62
Aythya nyroca;Aytnyr;Atlas;10;CLIM_EFAs;I;LC;1;0,16
Aythya nyroca;Aytnyr;Atlas;10;EFAs;I;LC;0,98;-0,06
Botaurus stellaris;Botste;Atlas;36;CLIM;I;LC;0,97;0,66
Botaurus stellaris;Botste;Atlas;36;CLIM_EFAs;I;LC;0,97;0,84
Botaurus stellaris;Botste;Atlas;36;EFAs;I;LC;0,96;0,81
Bubo bubo;Bubbub;Atlas;2305;CLIM;IV;LC;0,85;0,79
Bubo bubo;Bubbub;Atlas;2305;CLIM_EFAs;IV;LC;0,83;0,85
Bubo bubo;Bubbub;Atlas;2305;EFAs;IV;LC;0,84;0,79
Bubulcus ibis;Bubibi;Atlas;814;CLIM;III;LC;0,92;0,95
Bubulcus ibis;Bubibi;Atlas;814;CLIM_EFAs;III;LC;0,92;0,9
Bubulcus ibis;Bubibi;Atlas;814;EFAs;III;LC;0,88;0,98
Bucanetes githagineus;Bucgit;Atlas;27;CLIM;I;LC;1;0,95
Bucanetes githagineus;Bucgit;Atlas;27;CLIM_EFAs;I;LC;1;0,96
Bucanetes githagineus;Bucgit;Atlas;27;EFAs;I;LC;0,99;0,96
Burhinus oedicnemus;Buroed;Atlas;2430;CLIM;IV;LC;0,86;0,83
Burhinus oedicnemus;Buroed;Atlas;2430;CLIM_EFAs;IV;LC;0,87;0,98
Burhinus oedicnemus;Buroed;Atlas;2430;EFAs;IV;LC;0,87;1
Buteo buteo;Butbut;Atlas;4844;CLIM;IV;LC;0,87;0,99
Buteo buteo;Butbut;Atlas;4844;CLIM_EFAs;IV;LC;0,86;1
Buteo buteo;Butbut;Atlas;4844;EFAs;IV;LC;0,84;1
Calandrella brachydactyla;Calbra;Atlas;2383;CLIM;IV;LC;0,86;0,92
Calandrella brachydactyla;Calbra;Atlas;2383;CLIM_EFAs;IV;LC;0,86;0,97
Calandrella brachydactyla;Calbra;Atlas;2383;EFAs;IV;LC;0,84;0,98
Calandrella rufescens;Calruf;Atlas;12;CLIM;I;LC;0,99;0,6
Calandrella rufescens;Calruf;Atlas;12;CLIM_EFAs;I;LC;0,98;0,31
Calandrella rufescens;Calruf;Atlas;12;EFAs;I;LC;0,98;0,34
Calandrella rufescens aptezii;Calrufapt;Atlas;263;CLIM;II;NT;0,958;NA
Calandrella rufescens aptezii;Calrufapt;Atlas;263;EFAs;II;NT;0,898;NA
Calandrella rufescens aptezii;Calrufapt;Atlas;263;CLIM_EFAs;II;NT;0,946;NA
Caprimulgus europaeus;Capeur;Atlas;2233;CLIM;IV;LC;0,88;0,98
Caprimulgus europaeus;Capeur;Atlas;2233;CLIM_EFAs;IV;LC;0,87;0,99
Caprimulgus europaeus;Capeur;Atlas;2233;EFAs;IV;LC;0,84;1
Caprimulgus ruficollis;Capruf;Atlas;1996;CLIM;IV;LC;0,88;0,93
Caprimulgus ruficollis;Capruf;Atlas;1996;CLIM_EFAs;IV;LC;0,87;0,84
Caprimulgus ruficollis;Capruf;Atlas;1996;EFAs;IV;LC;0,84;0,79
Carduelis carduelis;Carcar;Atlas;5807;CLIM;IV;LC;0,9;0,94
Carduelis carduelis;Carcar;Atlas;5807;CLIM_EFAs;IV;LC;0,92;0,9
Carduelis carduelis;Carcar;Atlas;5807;EFAs;IV;LC;0,92;0,83
Carduelis citrinella;Carcit;Atlas;402;CLIM;II;LC;0,97;0,98
Carduelis citrinella;Carcit;Atlas;402;CLIM_EFAs;II;LC;0,95;0,97
Carduelis citrinella;Carcit;Atlas;402;EFAs;II;LC;0,94;0,98
Cecropis daurica;Cecdau;Atlas;2843;CLIM;IV;LC;0,93;0,99
Cecropis daurica;Cecdau;Atlas;2843;CLIM_EFAs;IV;LC;0,93;0,97
Cecropis daurica;Cecdau;Atlas;2843;EFAs;IV;LC;0,87;0,89
Cercotrichas galactotes;Cergal;Atlas;501;CLIM;III;LC;0,941;NA
Cercotrichas galactotes;Cergal;Atlas;501;EFAs;III;LC;0,888;NA
Cercotrichas galactotes;Cergal;Atlas;501;CLIM_EFAs;III;LC;0,939;NA
Certhia brachydactyla;Cerbra;Atlas;4760;CLIM;IV;LC;0,87;0,87
Certhia brachydactyla;Cerbra;Atlas;4760;CLIM_EFAs;IV;LC;0,86;0,95
Certhia brachydactyla;Cerbra;Atlas;4760;EFAs;IV;LC;0,84;0,99
Certhia familiaris;Cerfam;Atlas;139;CLIM;II;LC;0,99;0,98
Certhia familiaris;Cerfam;Atlas;139;CLIM_EFAs;II;LC;0,98;0,96
Certhia familiaris;Cerfam;Atlas;139;EFAs;II;LC;0,99;0,95
Cettia cetti;Cetcet;Atlas;4199;CLIM;IV;LC;0,87;0,8
Cettia cetti;Cetcet;Atlas;4199;CLIM_EFAs;IV;LC;0,95;0,92
Cettia cetti;Cetcet;Atlas;4199;EFAs;IV;LC;0,86;0,79
Charadrius alexandrinus;Chaale;Atlas;374;CLIM;II;LC;0,94;0,98
Charadrius alexandrinus;Chaale;Atlas;374;CLIM_EFAs;II;LC;0,91;0,98
Charadrius alexandrinus;Chaale;Atlas;374;EFAs;II;LC;0,86;0,93
Charadrius dubius;Chadub;Atlas;1810;CLIM;IV;LC;0,83;0,83
Charadrius dubius;Chadub;Atlas;1810;CLIM_EFAs;IV;LC;0,82;0,7
Charadrius dubius;Chadub;Atlas;1810;EFAs;IV;LC;0,8;0,76
Chersophilus duponti;Chedup;Atlas;240;CLIM;II;VU;0,95;0,96
Chersophilus duponti;Chedup;Atlas;240;CLIM_EFAs;II;VU;0,95;0,99
Chersophilus duponti;Chedup;Atlas;240;EFAs;II;VU;0,92;0,97
Chlidonias hybrida;Chlhyb;Atlas;130;CLIM;II;LC;0,93;0,88
Chlidonias hybrida;Chlhyb;Atlas;130;CLIM_EFAs;II;LC;0,91;0,64
Chlidonias hybrida;Chlhyb;Atlas;130;EFAs;II;LC;0,89;0,53
Chlidonias niger;Chlnig;Atlas;34;CLIM;I;LC;0,96;-0,35
Chlidonias niger;Chlnig;Atlas;34;CLIM_EFAs;I;LC;0,95;-0,36
Chlidonias niger;Chlnig;Atlas;34;EFAs;I;LC;0,93;0,04
Chloris chloris;Chlchl;Atlas;5600;CLIM;IV;LC;0,88;0,96
Chloris chloris;Chlchl;Atlas;5600;CLIM_EFAs;IV;LC;0,88;0,95
Chloris chloris;Chlchl;Atlas;5600;EFAs;IV;LC;0,9;0,8
Ciconia ciconia;Ciccic;Atlas;2565;CLIM;IV;LC;0,89;0,78
Ciconia ciconia;Ciccic;Atlas;2565;CLIM_EFAs;IV;LC;0,89;0,99
Ciconia ciconia;Ciccic;Atlas;2565;EFAs;IV;LC;0,87;1
Ciconia nigra;Cicnig;Atlas;639;CLIM;III;LC;0,94;0,88
Ciconia nigra;Cicnig;Atlas;639;CLIM_EFAs;III;LC;0,95;0,95
Ciconia nigra;Cicnig;Atlas;639;EFAs;III;LC;0,91;0,8
Cinclus cinclus;Cincin;Atlas;1157;CLIM;IV;LC;0,92;0,98
Cinclus cinclus;Cincin;Atlas;1157;CLIM_EFAs;IV;LC;0,91;1
Cinclus cinclus;Cincin;Atlas;1157;EFAs;IV;LC;0,92;1
Circaetus gallicus;Circgal;Atlas;3274;CLIM;IV;LC;0,85;0,81
Circaetus gallicus;Circgal;Atlas;3274;CLIM_EFAs;IV;LC;0,83;0,81
Circaetus gallicus;Circgal;Atlas;3274;EFAs;IV;LC;0,78;0,52
Circus aeruginosus;Ciraer;Atlas;831;CLIM;III;LC;0,89;0,82
Circus aeruginosus;Ciraer;Atlas;831;CLIM_EFAs;III;LC;0,87;0,64
Circus aeruginosus;Ciraer;Atlas;831;EFAs;III;LC;0,83;0,71
Circus cyaneus;Circya;Atlas;1646;CLIM;IV;NT;0,86;0,98
Circus cyaneus;Circya;Atlas;1646;CLIM_EFAs;IV;NT;0,86;0,98
Circus cyaneus;Circya;Atlas;1646;EFAs;IV;NT;0,83;0,86
Circus pygargus;Cirpyg;Atlas;2734;CLIM;IV;LC;0,87;0,76
Circus pygargus;Cirpyg;Atlas;2734;CLIM_EFAs;IV;LC;0,86;0,78
Circus pygargus;Cirpyg;Atlas;2734;EFAs;IV;LC;0,82;0,89
Cisticola juncidis;Cisjun;Atlas;3281;CLIM;IV;LC;0,86;0,96
Cisticola juncidis;Cisjun;Atlas;3281;CLIM_EFAs;IV;LC;0,88;0,84
Cisticola juncidis;Cisjun;Atlas;3281;EFAs;IV;LC;0,82;0,73
Clamator glandarius;Clagla;Atlas;1742;CLIM;IV;LC;0,84;0,65
Clamator glandarius;Clagla;Atlas;1742;CLIM_EFAs;IV;LC;0,84;0,6
Clamator glandarius;Clagla;Atlas;1742;EFAs;IV;LC;0,81;0,71
Coccothraustes coccothraustes;Coccoc;Atlas;951;CLIM;III;LC;0,87;0,69
Coccothraustes coccothraustes;Coccoc;Atlas;951;CLIM_EFAs;III;LC;0,86;0,74
Coccothraustes coccothraustes;Coccoc;Atlas;951;EFAs;III;LC;0,83;0,71
Columba livia;Colliv;Atlas;5087;CLIM;IV;LC;0,9;0,8
Columba livia;Colliv;Atlas;5087;CLIM_EFAs;IV;LC;0,93;0,86
Columba livia;Colliv;Atlas;5087;EFAs;IV;LC;0,92;0,8
Columba oenas;Coloen;Atlas;1641;CLIM;IV;LC;0,9;0,99
Columba oenas;Coloen;Atlas;1641;CLIM_EFAs;IV;LC;0,89;0,96
Columba oenas;Coloen;Atlas;1641;EFAs;IV;LC;0,84;0,91
Columba palumbus;Colpal;Atlas;5492;CLIM;IV;LC;0,89;0,98
Columba palumbus;Colpal;Atlas;5492;CLIM_EFAs;IV;LC;0,87;0,91
Columba palumbus;Colpal;Atlas;5492;EFAs;IV;LC;0,82;0,81
Coracias garrulus;Corgar;Atlas;920;CLIM;III;LC;0,88;0,89
Coracias garrulus;Corgar;Atlas;920;CLIM_EFAs;III;LC;0,88;0,91
Coracias garrulus;Corgar;Atlas;920;EFAs;III;LC;0,85;0,89
Corvus corax;Corcor;Atlas;4206;CLIM;IV;LC;0,85;0,98
Corvus corax;Corcor;Atlas;4206;CLIM_EFAs;IV;LC;0,84;0,9
Corvus corax;Corcor;Atlas;4206;EFAs;IV;LC;0,82;0,8
Corvus corone;Corcoro;Atlas;3962;CLIM;IV;LC;0,96;0,98
Corvus corone;Corcoro;Atlas;3962;CLIM_EFAs;IV;LC;0,94;0,97
Corvus corone;Corcoro;Atlas;3962;EFAs;IV;LC;0,88;1
Corvus frugilegus;Corfru;Atlas;41;CLIM;I;LC;0,96;0,86
Corvus frugilegus;Corfru;Atlas;41;CLIM_EFAs;I;LC;0,94;0,71
Corvus frugilegus;Corfru;Atlas;41;EFAs;I;LC;0,89;0,82
Corvus monedula;Corvmon;Atlas;2726;CLIM;IV;LC;0,837;NA
Corvus monedula;Corvmon;Atlas;2726;EFAs;IV;LC;0,811;NA
Corvus monedula;Corvmon;Atlas;2726;CLIM_EFAs;IV;LC;0,83;NA
Coturnix coturnix;Cotcot;Atlas;4362;CLIM;IV;LC;0,9;0,83
Coturnix coturnix;Cotcot;Atlas;4362;CLIM_EFAs;IV;LC;0,85;0,72
Coturnix coturnix;Cotcot;Atlas;4362;EFAs;IV;LC;0,81;0,98
Cuculus canorus;Cuccan;Atlas;5221;CLIM;IV;LC;0,84;0,86
Cuculus canorus;Cuccan;Atlas;5221;CLIM_EFAs;IV;LC;0,84;0,75
Cuculus canorus;Cuccan;Atlas;5221;EFAs;IV;LC;0,81;0,89
Cyanistes caeruleus;Cyacae;Atlas;5087;CLIM;IV;LC;0,89;0,99
Cyanistes caeruleus;Cyacae;Atlas;5087;CLIM_EFAs;IV;LC;0,87;0,99
Cyanistes caeruleus;Cyacae;Atlas;5087;EFAs;IV;LC;0,84;1
Cyanopica cooki;Cyacoo;Atlas;1644;CLIM;IV;LC;0,94;0,98
Cyanopica cooki;Cyacoo;Atlas;1644;CLIM_EFAs;IV;LC;0,93;1
Cyanopica cooki;Cyacoo;Atlas;1644;EFAs;IV;LC;0,88;0,95
Cygnus olor;Cygolo;Atlas;11;CLIM;I;LC;1;0,36
Cygnus olor;Cygolo;Atlas;11;CLIM_EFAs;I;LC;1;-0,55
Cygnus olor;Cygolo;Atlas;11;EFAs;I;LC;1;-0,85
Delichon urbicum;Delurb;Atlas;5398;CLIM;IV;LC;0,93;0,8
Delichon urbicum;Delurb;Atlas;5398;CLIM_EFAs;IV;LC;0,97;0,99
Delichon urbicum;Delurb;Atlas;5398;EFAs;IV;LC;1;0,83
Dendrocopos major;Denmaj;Atlas;3931;CLIM;IV;LC;0,89;1
Dendrocopos major;Denmaj;Atlas;3931;CLIM_EFAs;IV;LC;0,88;1
Dendrocopos major;Denmaj;Atlas;3931;EFAs;IV;LC;0,87;1
Dendrocopos minor;Denmin;Atlas;708;CLIM;III;LC;0,91;0,92
Dendrocopos minor;Denmin;Atlas;708;CLIM_EFAs;III;LC;0,9;0,71
Dendrocopos minor;Denmin;Atlas;708;EFAs;III;LC;0,85;0,79
Dendrocopos minor;Denmin;Atlas;708;CLIM;III;LC;0,914;NA
Dendrocopos minor;Denmin;Atlas;708;EFAs;III;LC;0,851;NA
Dendrocopos minor;Denmin;Atlas;708;CLIM_EFAs;III;LC;0,904;NA
Dryocopus martius;Drymart;Atlas;277;CLIM;II;LC;0,99;0,98
Dryocopus martius;Drymart;Atlas;277;CLIM_EFAs;II;LC;0,99;0,99
Dryocopus martius;Drymart;Atlas;277;EFAs;II;LC;0,97;0,99
Egretta garzetta;Egrgar;Atlas;627;CLIM;III;LC;0,92;0,88
Egretta garzetta;Egrgar;Atlas;627;CLIM_EFAs;III;LC;0,9;0,84
Egretta garzetta;Egrgar;Atlas;627;EFAs;III;LC;0,86;0,85
Elanus caeruleus;Elacae;Atlas;629;CLIM;III;LC;0,9;0,9
Elanus caeruleus;Elacae;Atlas;629;CLIM_EFAs;III;LC;0,9;0,99
Elanus caeruleus;Elacae;Atlas;629;EFAs;III;LC;0,89;0,97
Emberiza calandra;Embcal;Atlas;5201;CLIM;IV;LC;0,9;0,95
Emberiza calandra;Embcal;Atlas;5201;CLIM_EFAs;IV;LC;0,9;0,97
Emberiza calandra;Embcal;Atlas;5201;EFAs;IV;LC;0,87;0,98
Emberiza cia;Embcia;Atlas;3660;CLIM;IV;LC;0,88;0,95
Emberiza cia;Embcia;Atlas;3660;CLIM_EFAs;IV;LC;0,87;0,85
Emberiza cia;Embcia;Atlas;3660;EFAs;IV;LC;0,85;1
Emberiza cirlus;Embcir;Atlas;4128;CLIM;IV;LC;0,87;0,95
Emberiza cirlus;Embcir;Atlas;4128;CLIM_EFAs;IV;LC;0,87;0,99
Emberiza cirlus;Embcir;Atlas;4128;EFAs;IV;LC;0,84;0,86
Emberiza citrinella;Embcit;Atlas;822;CLIM;III;LC;0,98;0,9
Emberiza citrinella;Embcit;Atlas;822;CLIM_EFAs;III;LC;0,98;0,93
Emberiza citrinella;Embcit;Atlas;822;EFAs;III;LC;0,97;0,84
Emberiza hortulana;Embhor;Atlas;1189;CLIM;IV;LC;0,94;0,99
Emberiza hortulana;Embhor;Atlas;1189;CLIM_EFAs;IV;LC;0,92;0,87
Emberiza hortulana;Embhor;Atlas;1189;EFAs;IV;LC;0,89;0,87
Emberiza schoeniclus;Embscho;Atlas;160;CLIM;II;LC;0,92;0,48
Emberiza schoeniclus;Embscho;Atlas;160;CLIM_EFAs;II;LC;0,91;0,17
Emberiza schoeniclus;Embscho;Atlas;160;EFAs;II;LC;0,86;-0,05
Erithacus rubecula;Erirub;Atlas;3681;CLIM;IV;LC;0,92;0,99
Erithacus rubecula;Erirub;Atlas;3681;CLIM_EFAs;IV;LC;0,9;1
Erithacus rubecula;Erirub;Atlas;3681;EFAs;IV;LC;0,9;1
Falco naumanni;Falnau;Atlas;1107;CLIM;IV;LC;0,89;0,9
Falco naumanni;Falnau;Atlas;1107;CLIM_EFAs;IV;LC;0,9;0,98
Falco naumanni;Falnau;Atlas;1107;EFAs;IV;LC;0,87;0,98
Falco peregrinus;Falper;Atlas;2022;CLIM;IV;LC;0,86;0,39
Falco peregrinus;Falper;Atlas;2022;CLIM_EFAs;IV;LC;0,87;0,41
Falco peregrinus;Falper;Atlas;2022;EFAs;IV;LC;0,74;0,3
Falco subbuteo;Falsub;Atlas;1906;CLIM;IV;LC;0,85;0,67
Falco subbuteo;Falsub;Atlas;1906;CLIM_EFAs;IV;LC;0,85;0,69
Falco subbuteo;Falsub;Atlas;1906;EFAs;IV;LC;0,82;0,58
Falco tinnunculus;Faltin;Atlas;5353;CLIM;IV;LC;0,84;0,66
Falco tinnunculus;Faltin;Atlas;5353;CLIM_EFAs;IV;LC;0,82;0,61
Falco tinnunculus;Faltin;Atlas;5353;EFAs;IV;LC;0,84;0,69
Ficedula hypoleuca;Fichyp;Atlas;511;CLIM;III;LC;0,87;-0,24
Ficedula hypoleuca;Fichyp;Atlas;511;CLIM_EFAs;III;LC;0,86;-0,05
Ficedula hypoleuca;Fichyp;Atlas;511;EFAs;III;LC;0,83;-0,17
Fringilla coelebs;Fricoe;Atlas;5285;CLIM;IV;LC;0,89;1
Fringilla coelebs;Fricoe;Atlas;5285;CLIM_EFAs;IV;LC;0,87;0,98
Fringilla coelebs;Fricoe;Atlas;5285;EFAs;IV;LC;0,84;0,99
Fulica atra;Fulatr;Atlas;1356;CLIM;IV;NT;0,86;0,58
Fulica atra;Fulatr;Atlas;1356;CLIM_EFAs;IV;NT;0,86;0,5
Fulica atra;Fulatr;Atlas;1356;EFAs;IV;NT;0,77;0,57
Fulica cristata;Fulcri;Atlas;34;CLIM;I;EN;0,98;0,66
Fulica cristata;Fulcri;Atlas;34;CLIM_EFAs;I;EN;0,97;0,62
Fulica cristata;Fulcri;Atlas;34;EFAs;I;EN;0,95;0,38
Galerida cristata;Galcri;Atlas;4416;CLIM;IV;LC;0,92;0,96
Galerida cristata;Galcri;Atlas;4416;CLIM_EFAs;IV;LC;0,91;0,97
Galerida cristata;Galcri;Atlas;4416;EFAs;IV;LC;0,9;0,99
Galerida theklae;Galthe;Atlas;3342;CLIM;IV;LC;0,89;0,9
Galerida theklae;Galthe;Atlas;3342;CLIM_EFAs;IV;LC;0,88;0,86
Galerida theklae;Galthe;Atlas;3342;EFAs;IV;LC;0,85;0,81
Gallinago gallinago;Galgal;Atlas;81;CLIM;I;LC;0,93;-0,5
Gallinago gallinago;Galgal;Atlas;81;CLIM_EFAs;I;LC;0,91;-0,39
Gallinago gallinago;Galgal;Atlas;81;EFAs;I;LC;0,86;0,18
Gallinula chloropus;Galchl;Atlas;3301;CLIM;IV;LC;0,85;0,75
Gallinula chloropus;Galchl;Atlas;3301;CLIM_EFAs;IV;LC;0,85;0,77
Gallinula chloropus;Galchl;Atlas;3301;EFAs;IV;LC;0,79;0,78
Garrulus glandarius;Gargla;Atlas;4159;CLIM;IV;LC;0,9;0,99
Garrulus glandarius;Gargla;Atlas;4159;CLIM_EFAs;IV;LC;0,89;1
Garrulus glandarius;Gargla;Atlas;4159;EFAs;IV;LC;0,88;1
Glareola pratincola;Glapra;Atlas;259;CLIM;II;LC;0,95;0,98
Glareola pratincola;Glapra;Atlas;259;CLIM_EFAs;II;LC;0,95;0,93
Glareola pratincola;Glapra;Atlas;259;EFAs;II;LC;0,91;0,98
Gypaetus barbatus;Gypbar;Atlas;93;CLIM;I;VU;1;0,9
Gypaetus barbatus;Gypbar;Atlas;93;CLIM_EFAs;I;VU;0,99;0,86
Gypaetus barbatus;Gypbar;Atlas;93;EFAs;I;VU;0,95;0,91
Gyps fulvus;Gypful;Atlas;1255;CLIM;IV;LC;0,87;0,55
Gyps fulvus;Gypful;Atlas;1255;CLIM_EFAs;IV;LC;0,87;0,57
Gyps fulvus;Gypful;Atlas;1255;EFAs;IV;LC;0,94;0,32
Haematopus ostralegus;Haeost;Atlas;18;CLIM;I;VU;1;-0,77
Haematopus ostralegus;Haeost;Atlas;18;CLIM_EFAs;I;VU;1;-0,52
Haematopus ostralegus;Haeost;Atlas;18;EFAs;I;VU;1;-0,9
Hieraaetus pennatus;Hiepen;Atlas;3055;CLIM;IV;LC;0,86;0,69
Hieraaetus pennatus;Hiepen;Atlas;3055;CLIM_EFAs;IV;LC;0,86;0,76
Hieraaetus pennatus;Hiepen;Atlas;3055;EFAs;IV;LC;0,92;0,78
Himantopus himantopus;Himhim;Atlas;1056;CLIM;IV;LC;0,88;0,89
Himantopus himantopus;Himhim;Atlas;1056;CLIM_EFAs;IV;LC;0,86;0,88
Himantopus himantopus;Himhim;Atlas;1056;EFAs;IV;LC;0,84;0,76
Hippolais polyglotta;Hippol;Atlas;4719;CLIM;IV;LC;0,85;0,76
Hippolais polyglotta;Hippol;Atlas;4719;CLIM_EFAs;IV;LC;0,89;0,84
Hippolais polyglotta;Hippol;Atlas;4719;EFAs;IV;LC;0,85;0,71
Hippolais polyglotta;Hippol;Atlas;4719;CLIM;IV;LC;0,854;NA
Hippolais polyglotta;Hippol;Atlas;4719;EFAs;IV;LC;0,856;NA
Hippolais polyglotta;Hippol;Atlas;4719;CLIM_EFAs;IV;LC;0,9;NA
Hirundo rustica;Hirrus;Atlas;5894;CLIM;IV;LC;0,89;0,99
Hirundo rustica;Hirrus;Atlas;5894;CLIM_EFAs;IV;LC;0,89;0,97
Hirundo rustica;Hirrus;Atlas;5894;EFAs;IV;LC;0,97;0,89
Hydrobates pelagicus;Hydpel;Atlas;24;CLIM;I;LC;1;0,49
Hydrobates pelagicus;Hydpel;Atlas;24;CLIM_EFAs;I;LC;1;0,67
Hydrobates pelagicus;Hydpel;Atlas;24;EFAs;I;LC;1;0,23
Iduna opaca;Iduopa;Atlas;10;CLIM;I;LC;1;-0,31
Iduna opaca;Iduopa;Atlas;10;CLIM_EFAs;I;LC;0,99;-0,05
Iduna opaca;Iduopa;Atlas;10;EFAs;I;LC;0,94;0,42
Ixobrychus minutus;Ixomin;Atlas;492;CLIM;II;LC;0,86;0,77
Ixobrychus minutus;Ixomin;Atlas;492;CLIM_EFAs;II;LC;0,86;0,49
Ixobrychus minutus;Ixomin;Atlas;492;EFAs;II;LC;0,76;0,62
Jynx torquilla;Jyntor;Atlas;2083;CLIM;IV;LC;0,85;0,75
Jynx torquilla;Jyntor;Atlas;2083;CLIM_EFAs;IV;LC;0,85;0,86
Jynx torquilla;Jyntor;Atlas;2083;EFAs;IV;LC;0,83;0,73
Lagopus muta;Lagmut;Atlas;63;CLIM;I;NT;1;NA
Lagopus muta;Lagmut;Atlas;63;EFAs;I;NT;0,997;NA
Lagopus muta;Lagmut;Atlas;63;CLIM_EFAs;I;NT;1;NA
Lanius collurio;Lancol;Atlas;1172;CLIM;IV;LC;0,98;0,99
Lanius collurio;Lancol;Atlas;1172;CLIM_EFAs;IV;LC;0,97;1
Lanius collurio;Lancol;Atlas;1172;EFAs;IV;LC;0,96;0,99
Lanius excubitor;Lanexc;Atlas;3886;CLIM;IV;VU;0,869;NA
Lanius excubitor;Lanexc;Atlas;3886;EFAs;IV;VU;0,835;NA
Lanius excubitor;Lanexc;Atlas;3886;CLIM_EFAs;IV;VU;0,865;NA
Lanius minor;Lanmin;Atlas;11;CLIM;I;LC;0,984;NA
Lanius minor;Lanmin;Atlas;11;EFAs;I;LC;0,995;NA
Lanius minor;Lanmin;Atlas;11;CLIM_EFAs;I;LC;0,995;NA
Lanius senator;Lansen;Atlas;4428;CLIM;IV;LC;0,91;0,87
Lanius senator;Lansen;Atlas;4428;CLIM_EFAs;IV;LC;0,91;0,88
Lanius senator;Lansen;Atlas;4428;EFAs;IV;LC;0,89;0,93
Larus audouinii;Laraud;Atlas;15;CLIM;I;LC;0,998;NA
Larus audouinii;Laraud;Atlas;15;EFAs;I;LC;0,943;NA
Larus audouinii;Laraud;Atlas;15;CLIM_EFAs;I;LC;0,985;NA
Larus fuscus;Larfus;Atlas;197;CLIM;II;LC;0,96;0,44
Larus fuscus;Larfus;Atlas;197;CLIM_EFAs;II;LC;0,95;0,43
Larus fuscus;Larfus;Atlas;197;EFAs;II;LC;0,87;0,16
Larus genei;Largen;Atlas;15;CLIM;I;LC;0,996;NA
Larus genei;Largen;Atlas;15;EFAs;I;LC;0,995;NA
Larus genei;Largen;Atlas;15;CLIM_EFAs;I;LC;0,999;NA
Larus michahellis;Larmic;Atlas;540;CLIM;III;LC;0,92;0,89
Larus michahellis;Larmic;Atlas;540;CLIM_EFAs;III;LC;0,9;0,82
Larus michahellis;Larmic;Atlas;540;EFAs;III;LC;0,88;0,51
Larus ridibundus;Larrid;Atlas;250;CLIM;II;LC;0,881;NA
Larus ridibundus;Larrid;Atlas;250;EFAs;II;LC;0,822;NA
Larus ridibundus;Larrid;Atlas;250;CLIM_EFAs;II;LC;0,885;NA
Leiopicus medius;Leimed;Atlas;60;CLIM;I;LC;0,99;0,99
Leiopicus medius;Leimed;Atlas;60;CLIM_EFAs;I;LC;0,99;0,98
Leiopicus medius;Leimed;Atlas;60;EFAs;I;LC;0,98;0,95
Linaria cannabina;Lincan;Atlas;5599;CLIM;IV;LC;0,87;0,76
Linaria cannabina;Lincan;Atlas;5599;CLIM_EFAs;IV;LC;0,98;0,94
Linaria cannabina;Lincan;Atlas;5599;EFAs;IV;LC;0,86;0,86
Locustella luscinioides;Loclus;Atlas;122;CLIM;II;LC;0,94;0,87
Locustella luscinioides;Loclus;Atlas;122;CLIM_EFAs;II;LC;0,9;0,54
Locustella luscinioides;Loclus;Atlas;122;EFAs;II;LC;0,85;0,34
Locustella naevia;Locnae;Atlas;97;CLIM;I;LC;0,98;0,62
Locustella naevia;Locnae;Atlas;97;CLIM_EFAs;I;LC;0,98;0,46
Locustella naevia;Locnae;Atlas;97;EFAs;I;LC;0,95;0,69
Lophophanes cristatus;Lopcri;Atlas;3297;CLIM;IV;LC;0,87;0,98
Lophophanes cristatus;Lopcri;Atlas;3297;CLIM_EFAs;IV;LC;0,88;0,99
Lophophanes cristatus;Lopcri;Atlas;3297;EFAs;IV;LC;0,86;1
Loxia curvirostra;Loxcur;Atlas;1146;CLIM;IV;LC;0,89;0,93
Loxia curvirostra;Loxcur;Atlas;1146;CLIM_EFAs;IV;LC;0,88;0,8
Loxia curvirostra;Loxcur;Atlas;1146;EFAs;IV;LC;0,85;0,93
Lullula arborea;Lularb;Atlas;4276;CLIM;IV;LC;0,86;0,89
Lullula arborea;Lularb;Atlas;4276;CLIM_EFAs;IV;LC;0,86;0,86
Lullula arborea;Lularb;Atlas;4276;EFAs;IV;LC;0,84;0,86
Luscinia megarhynchos;Lusmeg;Atlas;4898;CLIM;IV;LC;0,89;0,88
Luscinia megarhynchos;Lusmeg;Atlas;4898;CLIM_EFAs;IV;LC;0,89;0,83
Luscinia megarhynchos;Lusmeg;Atlas;4898;EFAs;IV;LC;0,86;0,83
Luscinia svecica;Lussve;Atlas;109;CLIM;II;LC;0,97;0,61
Luscinia svecica;Lussve;Atlas;109;CLIM_EFAs;II;LC;0,95;0,43
Luscinia svecica;Lussve;Atlas;109;EFAs;II;LC;0,95;0,16
Marmaronetta angustirostris;Marang;Atlas;41;CLIM;I;VU;0,99;0,92
Marmaronetta angustirostris;Marang;Atlas;41;CLIM_EFAs;I;VU;0,98;0,95
Marmaronetta angustirostris;Marang;Atlas;41;EFAs;I;VU;0,92;0,85
Melanocorypha calandra;Melcal;Atlas;2224;CLIM;IV;LC;0,89;1
Melanocorypha calandra;Melcal;Atlas;2224;CLIM_EFAs;IV;LC;0,91;0,99
Melanocorypha calandra;Melcal;Atlas;2224;EFAs;IV;LC;0,9;1
Merops apiaster;Merapi;Atlas;4483;CLIM;IV;LC;0,92;0,9
Merops apiaster;Merapi;Atlas;4483;CLIM_EFAs;IV;LC;0,92;0,91
Merops apiaster;Merapi;Atlas;4483;EFAs;IV;LC;0,9;0,89
Milvus migrans;Milmig;Atlas;3200;CLIM;IV;LC;0,87;0,75
Milvus migrans;Milmig;Atlas;3200;CLIM_EFAs;IV;LC;0,85;0,7
Milvus migrans;Milmig;Atlas;3200;EFAs;IV;LC;0,82;0,79
Milvus milvus;Milmil;Atlas;1418;CLIM;IV;NT/LC;0,89;0,75
Milvus milvus;Milmil;Atlas;1418;CLIM_EFAs;IV;NT/LC;0,89;0,65
Milvus milvus;Milmil;Atlas;1418;EFAs;IV;NT/LC;0,84;0,56
Monticola saxatilis;Monsax;Atlas;1048;CLIM;IV;LC;0,92;0,98
Monticola saxatilis;Monsax;Atlas;1048;CLIM_EFAs;IV;LC;0,9;0,95
Monticola saxatilis;Monsax;Atlas;1048;EFAs;IV;LC;0,87;0,99
Monticola solitarius;Monsol;Atlas;2060;CLIM;IV;LC;0,85;0,4
Monticola solitarius;Monsol;Atlas;2060;CLIM_EFAs;IV;LC;0,83;0,62
Monticola solitarius;Monsol;Atlas;2060;EFAs;IV;LC;0,81;0,77
Montifringilla nivalis;Monniv;Atlas;70;CLIM;I;LC;0,99;0,89
Montifringilla nivalis;Monniv;Atlas;70;CLIM_EFAs;I;LC;0,99;0,95
Montifringilla nivalis;Monniv;Atlas;70;EFAs;I;LC;0,99;0,8
Motacilla alba;Motalb;Atlas;4730;CLIM;IV;LC;0,87;0,99
Motacilla alba;Motalb;Atlas;4730;CLIM_EFAs;IV;LC;0,86;0,98
Motacilla alba;Motalb;Atlas;4730;EFAs;IV;LC;0,83;0,83
Motacilla cinerea;Motcin;Atlas;3090;CLIM;IV;LC;0,86;0,89
Motacilla cinerea;Motcin;Atlas;3090;CLIM_EFAs;IV;LC;0,86;0,82
Motacilla cinerea;Motcin;Atlas;3090;EFAs;IV;LC;0,85;0,98
Motacilla flava;Motfla;Atlas;1642;CLIM;IV;LC;0,88;0,81
Motacilla flava;Motfla;Atlas;1642;CLIM_EFAs;IV;LC;0,87;0,7
Motacilla flava;Motfla;Atlas;1642;EFAs;IV;LC;0,84;0,71
Muscicapa striata;Musstr;Atlas;2268;CLIM;IV;LC;0,864;NA
Muscicapa striata;Musstr;Atlas;2268;EFAs;IV;LC;0,958;NA
Muscicapa striata;Musstr;Atlas;2268;CLIM_EFAs;IV;LC;0,853;NA
Neophron percnopterus;Neoper;Atlas;1147;CLIM;IV;EN;0,9;0,77
Neophron percnopterus;Neoper;Atlas;1147;CLIM_EFAs;IV;EN;0,89;0,68
Neophron percnopterus;Neoper;Atlas;1147;EFAs;IV;EN;0,85;0,33
Netta rufina;Netruf;Atlas;210;CLIM;II;LC;0,92;0,78
Netta rufina;Netruf;Atlas;210;CLIM_EFAs;II;LC;0,89;0,74
Netta rufina;Netruf;Atlas;210;EFAs;II;LC;0,87;0,49
Numenius arquata;Numarq;Atlas;12;CLIM;I;VU;1;-0,61
Numenius arquata;Numarq;Atlas;12;CLIM_EFAs;I;VU;1;-0,55
Numenius arquata;Numarq;Atlas;12;EFAs;I;VU;0,99;-0,3
Numida meleagris;Nummel;Atlas;10;CLIM;I;LC;0,997;NA
Numida meleagris;Nummel;Atlas;10;EFAs;I;LC;1;NA
Numida meleagris;Nummel;Atlas;10;CLIM_EFAs;I;LC;0,999;NA
Nycticorax nycticorax;Nycnyc;Atlas;270;CLIM;II;LC;0,88;0,43
Nycticorax nycticorax;Nycnyc;Atlas;270;CLIM_EFAs;II;LC;0,9;0,25
Nycticorax nycticorax;Nycnyc;Atlas;270;EFAs;II;LC;0,84;0,27
Oenanthe hispanica;Oenhis;Atlas;3331;CLIM;IV;LC;0,88;0,9
Oenanthe hispanica;Oenhis;Atlas;3331;CLIM_EFAs;IV;LC;0,88;0,99
Oenanthe hispanica;Oenhis;Atlas;3331;EFAs;IV;LC;0,86;0,99
Oenanthe leucura;Oenleu;Atlas;1273;CLIM;IV;VU;0,91;0,94
Oenanthe leucura;Oenleu;Atlas;1273;CLIM_EFAs;IV;VU;0,9;0,97
Oenanthe leucura;Oenleu;Atlas;1273;EFAs;IV;VU;0,85;0,99
Oenanthe oenanthe;Oenoen;Atlas;2521;CLIM;IV;LC;0,93;0,96
Oenanthe oenanthe;Oenoen;Atlas;2521;CLIM_EFAs;IV;LC;0,9;0,95
Oenanthe oenanthe;Oenoen;Atlas;2521;EFAs;IV;LC;0,86;0,94
Oriolus oriolus;Oriori;Atlas;4504;CLIM;IV;LC;0,84;0,75
Oriolus oriolus;Oriori;Atlas;4504;CLIM_EFAs;IV;LC;0,85;0,77
Oriolus oriolus;Oriori;Atlas;4504;EFAs;IV;LC;0,84;0,81
Otis tarda;Otitar;Atlas;632;CLIM;III;LC;0,91;0,82
Otis tarda;Otitar;Atlas;632;CLIM_EFAs;III;LC;0,91;0,99
Otis tarda;Otitar;Atlas;632;EFAs;III;LC;0,91;0,99
Otus scops;Otusco;Atlas;3680;CLIM;IV;LC;0,82;0,69
Otus scops;Otusco;Atlas;3680;CLIM_EFAs;IV;LC;0,81;0,62
Otus scops;Otusco;Atlas;3680;EFAs;IV;LC;0,86;0,87
Oxyura leucocephala;Oxyleu;Atlas;57;CLIM;I;EN;0,96;0,81
Oxyura leucocephala;Oxyleu;Atlas;57;CLIM_EFAs;I;EN;0,96;0,78
Oxyura leucocephala;Oxyleu;Atlas;57;EFAs;I;EN;0,93;0,71
Pandion haliaetus;Panhal;Atlas;23;CLIM;I;LC;0,96;-0,04
Pandion haliaetus;Panhal;Atlas;23;CLIM_EFAs;I;LC;0,94;0,07
Pandion haliaetus;Panhal;Atlas;23;EFAs;I;LC;0,95;-0,06
Panurus biarmicus;Panbia;Atlas;53;CLIM;I;LC;0,95;0,84
Panurus biarmicus;Panbia;Atlas;53;CLIM_EFAs;I;LC;0,94;0,67
Panurus biarmicus;Panbia;Atlas;53;EFAs;I;LC;0,89;0,75
Parus major;Parmaj;Atlas;5745;CLIM;IV;LC;0,87;0,95
Parus major;Parmaj;Atlas;5745;CLIM_EFAs;IV;LC;0,85;0,94
Parus major;Parmaj;Atlas;5745;EFAs;IV;LC;0,79;0,76
Passer domesticus;Pasdom;Atlas;5936;CLIM;IV;LC;0,92;0,99
Passer domesticus;Pasdom;Atlas;5936;CLIM_EFAs;IV;LC;0,95;0,91
Passer domesticus;Pasdom;Atlas;5936;EFAs;IV;LC;0,98;0,88
Passer hispaniolensis;Pashis;Atlas;910;CLIM;III;LC;0,92;0,86
Passer hispaniolensis;Pashis;Atlas;910;CLIM_EFAs;III;LC;0,92;0,98
Passer hispaniolensis;Pashis;Atlas;910;EFAs;III;LC;0,89;1
Passer montanus;Pasmon;Atlas;3634;CLIM;IV;LC;0,85;0,89
Passer montanus;Pasmon;Atlas;3634;CLIM_EFAs;IV;LC;0,85;0,96
Passer montanus;Pasmon;Atlas;3634;EFAs;IV;LC;0,93;0,97
Perdix perdix;Perper;Atlas;227;CLIM;II;LC;0,98;0,96
Perdix perdix;Perper;Atlas;227;CLIM_EFAs;II;LC;0,98;0,98
Perdix perdix;Perper;Atlas;227;EFAs;II;LC;0,98;0,93
Periparus ater;Perate;Atlas;3005;CLIM;IV;LC;0,92;0,97
Periparus ater;Perate;Atlas;3005;CLIM_EFAs;IV;LC;0,92;1
Periparus ater;Perate;Atlas;3005;EFAs;IV;LC;0,91;1
Pernis apivorus;Perapi;Atlas;872;CLIM;III;LC;0,9;0,89
Pernis apivorus;Perapi;Atlas;872;CLIM_EFAs;III;LC;0,9;0,99
Pernis apivorus;Perapi;Atlas;872;EFAs;III;LC;0,89;0,98
Petronia petronia;Petpet;Atlas;3485;CLIM;IV;LC;0,89;0,99
Petronia petronia;Petpet;Atlas;3485;CLIM_EFAs;IV;LC;0,87;0,94
Petronia petronia;Petpet;Atlas;3485;EFAs;IV;LC;0,84;0,86
Phalacrocorax aristotelis;Phaari;Atlas;110;CLIM;II;LC;0,99;0,88
Phalacrocorax aristotelis;Phaari;Atlas;110;CLIM_EFAs;II;LC;0,98;0,69
Phalacrocorax aristotelis;Phaari;Atlas;110;EFAs;II;LC;0,95;0,93
Phalacrocorax carbo;Phacar;Atlas;69;CLIM;I;LC;0,88;-0,13
Phalacrocorax carbo;Phacar;Atlas;69;CLIM_EFAs;I;LC;0,95;-0,27
Phalacrocorax carbo;Phacar;Atlas;69;EFAs;I;LC;1;-0,48
Phoenicopterus roseus;Phoros;Atlas;26;CLIM;I;LC;0,98;0,04
Phoenicopterus roseus;Phoros;Atlas;26;CLIM_EFAs;I;LC;0,98;-0,22
Phoenicopterus roseus;Phoros;Atlas;26;EFAs;I;LC;0,95;-0,02
Phoenicurus ochruros;Phooch;Atlas;3886;CLIM;IV;LC;0,92;0,8
Phoenicurus ochruros;Phooch;Atlas;3886;CLIM_EFAs;IV;LC;0,89;0,96
Phoenicurus ochruros;Phooch;Atlas;3886;EFAs;IV;LC;0,87;0,96
Phoenicurus phoenicurus;Phopho;Atlas;694;CLIM;III;LC;0,87;0,72
Phoenicurus phoenicurus;Phopho;Atlas;694;CLIM_EFAs;III;LC;0,87;0,5
Phoenicurus phoenicurus;Phopho;Atlas;694;EFAs;III;LC;0,84;0,6
Phylloscopus bonelli;Phybon;Atlas;2807;CLIM;IV;LC;0,9;0,94
Phylloscopus bonelli;Phybon;Atlas;2807;CLIM_EFAs;IV;LC;0,88;0,94
Phylloscopus bonelli;Phybon;Atlas;2807;EFAs;IV;LC;0,85;0,89
Phylloscopus collybita;Phycol;Atlas;2184;CLIM;IV;LC;0,91;0,31
Phylloscopus collybita;Phycol;Atlas;2184;CLIM_EFAs;IV;LC;0,89;0,28
Phylloscopus collybita;Phycol;Atlas;2184;EFAs;IV;LC;0,88;0,51
Phylloscopus ibericus;Phyibe;Atlas;1609;CLIM;IV;LC;0,92;0,98
Phylloscopus ibericus;Phyibe;Atlas;1609;CLIM_EFAs;IV;LC;0,92;0,89
Phylloscopus ibericus;Phyibe;Atlas;1609;EFAs;IV;LC;0,86;0,86
Phylloscopus sibilatrix;Physib;Atlas;17;CLIM;I;LC;0,98;0,26
Phylloscopus sibilatrix;Physib;Atlas;17;CLIM_EFAs;I;LC;0,99;0,33
Phylloscopus sibilatrix;Physib;Atlas;17;EFAs;I;LC;0,99;0,25
Phylloscopus trochilus;Phytro;Atlas;93;CLIM;I;LC;0,87;-0,48
Phylloscopus trochilus;Phytro;Atlas;93;CLIM_EFAs;I;LC;0,99;-0,5
Phylloscopus trochilus;Phytro;Atlas;93;EFAs;I;LC;1;-0,33
Pica pica;Picpic;Atlas;4747;CLIM;IV;LC;0,88;0,81
Pica pica;Picpic;Atlas;4747;CLIM_EFAs;IV;LC;0,87;0,76
Pica pica;Picpic;Atlas;4747;EFAs;IV;LC;0,84;0,75
Picus viridis;Picvir;Atlas;4980;CLIM;IV;LC;0,87;0,99
Picus viridis;Picvir;Atlas;4980;CLIM_EFAs;IV;LC;0,86;0,99
Picus viridis;Picvir;Atlas;4980;EFAs;IV;LC;0,84;0,89
Platalea leucorodia;Plaleu;Atlas;81;CLIM;I;LC;0,97;0,56
Platalea leucorodia;Plaleu;Atlas;81;CLIM_EFAs;I;LC;0,97;0,56
Platalea leucorodia;Plaleu;Atlas;81;EFAs;I;LC;0,9;0,54
Plegadis falcinellus;Plefal;Atlas;20;CLIM;I;LC;0,96;0,52
Plegadis falcinellus;Plefal;Atlas;20;CLIM_EFAs;I;LC;0,97;0,48
Plegadis falcinellus;Plefal;Atlas;20;EFAs;I;LC;0,96;0,01
Podiceps cristatus;Podcri;Atlas;721;CLIM;III;LC;0,9;0,39
Podiceps cristatus;Podcri;Atlas;721;CLIM_EFAs;III;LC;0,89;0,42
Podiceps cristatus;Podcri;Atlas;721;EFAs;III;LC;0,85;0,6
Podiceps nigricollis;Podnig;Atlas;124;CLIM;II;LC;0,92;0,3
Podiceps nigricollis;Podnig;Atlas;124;CLIM_EFAs;II;LC;0,91;0,35
Podiceps nigricollis;Podnig;Atlas;124;EFAs;II;LC;0,87;0,2
Poecile palustris;Poepal;Atlas;394;CLIM;II;LC;0,99;0,96
Poecile palustris;Poepal;Atlas;394;CLIM_EFAs;II;LC;0,99;0,99
Poecile palustris;Poepal;Atlas;394;EFAs;II;LC;0,97;0,99
Porphyrio porphyrio;Porpor;Atlas;181;CLIM;II;LC;0,95;0,97
Porphyrio porphyrio;Porpor;Atlas;181;CLIM_EFAs;II;LC;0,92;0,86
Porphyrio porphyrio;Porpor;Atlas;181;EFAs;II;LC;0,87;0,54
Porzana porzana;Porporz;Atlas;19;CLIM;I;LC;0,99;-0,22
Porzana porzana;Porporz;Atlas;19;CLIM_EFAs;I;LC;0,98;-0,39
Porzana porzana;Porporz;Atlas;19;EFAs;I;LC;0,95;-0,47
Porzana pusilla;Porpus;Atlas;33;CLIM;I;LC;0,97;0,86
Porzana pusilla;Porpus;Atlas;33;CLIM_EFAs;I;LC;0,97;0,79
Porzana pusilla;Porpus;Atlas;33;EFAs;I;LC;0,98;0,38
Prunella collaris;Prucol;Atlas;197;CLIM;II;LC;0,99;0,89
Prunella collaris;Prucol;Atlas;197;CLIM_EFAs;II;LC;0,98;0,81
Prunella collaris;Prucol;Atlas;197;EFAs;II;LC;0,98;0,76
Prunella modularis;Prumod;Atlas;1603;CLIM;IV;LC;0,98;0,94
Prunella modularis;Prumod;Atlas;1603;CLIM_EFAs;IV;LC;0,97;0,9
Prunella modularis;Prumod;Atlas;1603;EFAs;IV;LC;0,97;0,82
Pterocles alchata;Ptealc;Atlas;488;CLIM;II;LC;0,94;0,98
Pterocles alchata;Ptealc;Atlas;488;CLIM_EFAs;II;LC;0,95;0,99
Pterocles alchata;Ptealc;Atlas;488;EFAs;II;LC;0,92;1
Pterocles orientalis;Pteori;Atlas;913;CLIM;III;EN;0,88;0,72
Pterocles orientalis;Pteori;Atlas;913;CLIM_EFAs;III;EN;0,9;0,86
Pterocles orientalis;Pteori;Atlas;913;EFAs;III;EN;0,88;0,91
Ptyonoprogne rupestris;Ptyrup;Atlas;3137;CLIM;IV;LC;0,85;0,75
Ptyonoprogne rupestris;Ptyrup;Atlas;3137;CLIM_EFAs;IV;LC;0,84;0,81
Ptyonoprogne rupestris;Ptyrup;Atlas;3137;EFAs;IV;LC;0,84;0,84
Pyrrhocorax graculus;Pyrgra;Atlas;252;CLIM;II;LC;0,99;0,96
Pyrrhocorax graculus;Pyrgra;Atlas;252;CLIM_EFAs;II;LC;0,98;0,97
Pyrrhocorax graculus;Pyrgra;Atlas;252;EFAs;II;LC;0,97;0,98
Pyrrhocorax pyrrhocorax;Pyrpyr;Atlas;1851;CLIM;IV;LC;0,89;0,86
Pyrrhocorax pyrrhocorax;Pyrpyr;Atlas;1851;CLIM_EFAs;IV;LC;0,87;0,79
Pyrrhocorax pyrrhocorax;Pyrpyr;Atlas;1851;EFAs;IV;LC;0,83;0,98
Pyrrhula pyrrhula;Pyrpyrr;Atlas;1029;CLIM;IV;LC;0,99;0,91
Pyrrhula pyrrhula;Pyrpyrr;Atlas;1029;CLIM_EFAs;IV;LC;0,99;0,95
Pyrrhula pyrrhula;Pyrpyrr;Atlas;1029;EFAs;IV;LC;0,98;0,9
Rallus aquaticus;Ralaqu;Atlas;958;CLIM;III;LC;0,86;0,62
Rallus aquaticus;Ralaqu;Atlas;958;CLIM_EFAs;III;LC;0,91;0,5
Rallus aquaticus;Ralaqu;Atlas;958;EFAs;III;LC;0,99;0,53
Recurvirostra avosetta;Recavo;Atlas;184;CLIM;II;LC;0,94;0,91
Recurvirostra avosetta;Recavo;Atlas;184;CLIM_EFAs;II;LC;0,92;0,87
Recurvirostra avosetta;Recavo;Atlas;184;EFAs;II;LC;0,9;0,76
Regulus ignicapilla;Regign;Atlas;2706;CLIM;IV;LC;0,93;0,94
Regulus ignicapilla;Regign;Atlas;2706;CLIM_EFAs;IV;LC;0,92;0,99
Regulus ignicapilla;Regign;Atlas;2706;EFAs;IV;LC;0,91;0,98
Regulus regulus;Regreg;Atlas;397;CLIM;II;LC;0,96;0,95
Regulus regulus;Regreg;Atlas;397;CLIM_EFAs;II;LC;0,95;0,98
Regulus regulus;Regreg;Atlas;397;EFAs;II;LC;0,96;0,9
Remiz pendulinus;Rempen;Atlas;659;CLIM;III;LC;0,91;0,75
Remiz pendulinus;Rempen;Atlas;659;CLIM_EFAs;III;LC;0,88;0,81
Remiz pendulinus;Rempen;Atlas;659;EFAs;III;LC;0,85;0,67
Riparia riparia;Riprip;Atlas;1366;CLIM;IV;LC;0,88;0,39
Riparia riparia;Riprip;Atlas;1366;CLIM_EFAs;IV;LC;0,86;0,31
Riparia riparia;Riprip;Atlas;1366;EFAs;IV;LC;0,99;0,64
Saxicola rubetra;Saxrub;Atlas;401;CLIM;II;LC;0,94;0,42
Saxicola rubetra;Saxrub;Atlas;401;CLIM_EFAs;II;LC;0,93;0,87
Saxicola rubetra;Saxrub;Atlas;401;EFAs;II;LC;0,91;0,64
Saxicola torquatus;Saxtor;Atlas;5389;CLIM;IV;LC;0,883;NA
Saxicola torquatus;Saxtor;Atlas;5389;EFAs;IV;LC;0,837;NA
Saxicola torquatus;Saxtor;Atlas;5389;CLIM_EFAs;IV;LC;0,862;NA
Scolopax rusticola;Scorus;Atlas;190;CLIM;II;LC;0,98;0,93
Scolopax rusticola;Scorus;Atlas;190;CLIM_EFAs;II;LC;0,97;0,9
Scolopax rusticola;Scorus;Atlas;190;EFAs;II;LC;0,97;0,77
Serinus serinus;Serser;Atlas;5867;CLIM;IV;LC;0,93;0,85
Serinus serinus;Serser;Atlas;5867;CLIM_EFAs;IV;LC;0,91;0,73
Serinus serinus;Serser;Atlas;5867;EFAs;IV;LC;0,82;0,58
Sitta europaea;Siteur;Atlas;2377;CLIM;IV;LC;0,88;0,98
Sitta europaea;Siteur;Atlas;2377;CLIM_EFAs;IV;LC;0,88;0,96
Sitta europaea;Siteur;Atlas;2377;EFAs;IV;LC;0,86;0,99
Spinus spinus;Spispi;Atlas;103;CLIM;II;LC;0,87;-0,59
Spinus spinus;Spispi;Atlas;103;CLIM_EFAs;II;LC;0,86;-0,53
Spinus spinus;Spispi;Atlas;103;EFAs;II;LC;0,87;-0,14
Sterna hirundo;Stehir;Atlas;75;CLIM;I;LC;0,95;0,64
Sterna hirundo;Stehir;Atlas;75;CLIM_EFAs;I;LC;0,94;0,54
Sterna hirundo;Stehir;Atlas;75;EFAs;I;LC;0,89;0,37
Sterna nilotica;Stenil;Atlas;133;CLIM;II;LC;0,93;0,75
Sterna nilotica;Stenil;Atlas;133;CLIM_EFAs;II;LC;0,93;0,81
Sterna nilotica;Stenil;Atlas;133;EFAs;II;LC;0,92;0,62
Sternula albifrons;Stealb;Atlas;178;CLIM;II;LC;0,95;0,95
Sternula albifrons;Stealb;Atlas;178;CLIM_EFAs;II;LC;0,93;0,95
Sternula albifrons;Stealb;Atlas;178;EFAs;II;LC;0,93;0,8
Streptopelia decaocto;Strdec;Atlas;3064;CLIM;IV;LC;0,92;0,65
Streptopelia decaocto;Strdec;Atlas;3064;CLIM_EFAs;IV;LC;0,99;0,9
Streptopelia decaocto;Strdec;Atlas;3064;EFAs;IV;LC;0,99;0,79
Streptopelia turtur;Strtur;Atlas;5094;CLIM;IV;VU;0,89;0,77
Streptopelia turtur;Strtur;Atlas;5094;CLIM_EFAs;IV;VU;0,86;0,71
Streptopelia turtur;Strtur;Atlas;5094;EFAs;IV;VU;0,89;0,74
Strix aluco;Stralu;Atlas;3290;CLIM;IV;LC;0,84;0,93
Strix aluco;Stralu;Atlas;3290;CLIM_EFAs;IV;LC;0,83;0,94
Strix aluco;Stralu;Atlas;3290;EFAs;IV;LC;0,81;1
Sturnus unicolor;Stuuni;Atlas;5566;CLIM;IV;LC;0,89;0,85
Sturnus unicolor;Stuuni;Atlas;5566;CLIM_EFAs;IV;LC;0,89;0,88
Sturnus unicolor;Stuuni;Atlas;5566;EFAs;IV;LC;0,85;0,82
Sturnus vulgaris;Stuvul;Atlas;497;CLIM;II;LC;0,97;0,71
Sturnus vulgaris;Stuvul;Atlas;497;CLIM_EFAs;II;LC;0,96;0,7
Sturnus vulgaris;Stuvul;Atlas;497;EFAs;II;LC;0,87;0,7
Sylvia atricapilla;Sylatr;Atlas;4275;CLIM;IV;LC;0,87;0,92
Sylvia atricapilla;Sylatr;Atlas;4275;CLIM_EFAs;IV;LC;0,86;0,84
Sylvia atricapilla;Sylatr;Atlas;4275;EFAs;IV;LC;0,86;1
Sylvia borin;Sylbor;Atlas;1694;CLIM;IV;LC;0,93;0,93
Sylvia borin;Sylbor;Atlas;1694;CLIM_EFAs;IV;LC;0,92;0,96
Sylvia borin;Sylbor;Atlas;1694;EFAs;IV;LC;0,89;1
Sylvia cantillans;Sylcan;Atlas;3016;CLIM;IV;LC;0,87;0,85
Sylvia cantillans;Sylcan;Atlas;3016;CLIM_EFAs;IV;LC;0,86;0,78
Sylvia cantillans;Sylcan;Atlas;3016;EFAs;IV;LC;0,83;0,86
Sylvia communis;Sylcom;Atlas;2099;CLIM;IV;LC;0,87;0,92
Sylvia communis;Sylcom;Atlas;2099;CLIM_EFAs;IV;LC;0,85;0,88
Sylvia communis;Sylcom;Atlas;2099;EFAs;IV;LC;0,83;0,98
Sylvia conspicillata;Sylcon;Atlas;1417;CLIM;IV;LC;0,85;0,46
Sylvia conspicillata;Sylcon;Atlas;1417;CLIM_EFAs;IV;LC;0,84;0,55
Sylvia conspicillata;Sylcon;Atlas;1417;EFAs;IV;LC;0,82;0,82
Sylvia hortensis;Sylhor;Atlas;1719;CLIM;IV;LC;0,86;0,65
Sylvia hortensis;Sylhor;Atlas;1719;CLIM_EFAs;IV;LC;0,85;0,57
Sylvia hortensis;Sylhor;Atlas;1719;EFAs;IV;LC;0,88;0,69
Sylvia melanocephala;Sylmel;Atlas;3949;CLIM;IV;LC;0,92;1
Sylvia melanocephala;Sylmel;Atlas;3949;CLIM_EFAs;IV;LC;0,9;1
Sylvia melanocephala;Sylmel;Atlas;3949;EFAs;IV;LC;0,88;0,99
Sylvia undata;Sylund;Atlas;4177;CLIM;IV;NT;0,8;0,73
Sylvia undata;Sylund;Atlas;4177;CLIM_EFAs;IV;NT;0,75;0,71
Sylvia undata;Sylund;Atlas;4177;EFAs;IV;NT;0,73;0,79
Tachybaptus ruficollis;Tacruf;Atlas;1760;CLIM;IV;LC;0,89;0,51
Tachybaptus ruficollis;Tacruf;Atlas;1760;CLIM_EFAs;IV;LC;0,87;0,49
Tachybaptus ruficollis;Tacruf;Atlas;1760;EFAs;IV;LC;0,81;0,59
Tadorna tadorna;Tadtad;Atlas;56;CLIM;I;LC;0,77;-0,13
Tadorna tadorna;Tadtad;Atlas;56;CLIM_EFAs;I;LC;0,73;-0,07
Tadorna tadorna;Tadtad;Atlas;56;EFAs;I;LC;0,73;0,19
Tetrao urogallus;Teturo;Atlas;145;CLIM;II;LC;0,993;NA
Tetrao urogallus;Teturo;Atlas;145;EFAs;II;LC;0,987;NA
Tetrao urogallus;Teturo;Atlas;145;CLIM_EFAs;II;LC;0,989;NA
Tetrax tetrax;Tettet;Atlas;1550;CLIM;IV;VU;0,82;0,87
Tetrax tetrax;Tettet;Atlas;1550;CLIM_EFAs;IV;VU;0,83;1
Tetrax tetrax;Tettet;Atlas;1550;EFAs;IV;VU;0,84;0,99
Tichodroma muraria;Ticmur;Atlas;73;CLIM;I;LC;0,91;0,83
Tichodroma muraria;Ticmur;Atlas;73;CLIM_EFAs;I;LC;0,91;0,92
Tichodroma muraria;Ticmur;Atlas;73;EFAs;I;LC;0,88;0,42
Tringa ochropus;Trioch;Atlas;29;CLIM;I;LC;0,64;-0,44
Tringa ochropus;Trioch;Atlas;29;CLIM_EFAs;I;LC;0,61;-0,22
Tringa ochropus;Trioch;Atlas;29;EFAs;I;LC;0,66;-0,22
Tringa totanus;Tritot;Atlas;218;CLIM;II;LC;0,81;0,55
Tringa totanus;Tritot;Atlas;218;CLIM_EFAs;II;LC;0,79;0,25
Tringa totanus;Tritot;Atlas;218;EFAs;II;LC;0,76;0,34
Troglodytes troglodytes;Trotro;Atlas;4517;CLIM;IV;LC;0,72;0,99
Troglodytes troglodytes;Trotro;Atlas;4517;CLIM_EFAs;IV;LC;0,72;0,99
Troglodytes troglodytes;Trotro;Atlas;4517;EFAs;IV;LC;0,7;1
Turdus merula;Turmer;Atlas;5848;CLIM;IV;LC;0,6;1
Turdus merula;Turmer;Atlas;5848;CLIM_EFAs;IV;LC;0,6;0,73
Turdus merula;Turmer;Atlas;5848;EFAs;IV;LC;0,56;0,51
Turdus philomelos;Turphi;Atlas;1836;CLIM;IV;LC;0,77;0,44
Turdus philomelos;Turphi;Atlas;1836;CLIM_EFAs;IV;LC;0,78;0,52
Turdus philomelos;Turphi;Atlas;1836;EFAs;IV;LC;0,76;0,46
Turdus torquatus;Turtor;Atlas;108;CLIM;II;LC;0,83;0,55
Turdus torquatus;Turtor;Atlas;108;CLIM_EFAs;II;LC;0,81;0,72
Turdus torquatus;Turtor;Atlas;108;EFAs;II;LC;0,83;0,55
Turdus viscivorus;Turvis;Atlas;3968;CLIM;IV;LC;0,69;0,71
Turdus viscivorus;Turvis;Atlas;3968;CLIM_EFAs;IV;LC;0,69;0,52
Turdus viscivorus;Turvis;Atlas;3968;EFAs;IV;LC;0,67;0,69
Tyto alba;Tytalb;Atlas;4082;CLIM;IV;LC;0,73;0,67
Tyto alba;Tytalb;Atlas;4082;CLIM_EFAs;IV;LC;0,74;0,88
Tyto alba;Tytalb;Atlas;4082;EFAs;IV;LC;0,75;0,93
Upupa epops;Upuepo;Atlas;5246;CLIM;IV;LC;0,61;0,9
Upupa epops;Upuepo;Atlas;5246;CLIM_EFAs;IV;LC;0,6;0,92
Upupa epops;Upuepo;Atlas;5246;EFAs;IV;LC;0,62;0,83
Vanellus vanellus;Vanvan;Atlas;425;CLIM;II;VU;0,71;0,22
Vanellus vanellus;Vanvan;Atlas;425;CLIM_EFAs;II;VU;0,73;0,36
Vanellus vanellus;Vanvan;Atlas;425;EFAs;II;VU;0,73;0,22
Accipiter gentilis;Accgen;Ebird;334;CLIM;II;LC;0,54;0,94
Accipiter gentilis;Accgen;Ebird;334;CLIM_EFAs;II;LC;0,53;0,96
Accipiter gentilis;Accgen;Ebird;334;EFAs;II;LC;0,57;0,95
Accipiter nisus;Accnis;Ebird;768;CLIM;III;LC;0,6;0,76
Accipiter nisus;Accnis;Ebird;768;CLIM_EFAs;III;LC;0,6;0,89
Accipiter nisus;Accnis;Ebird;768;EFAs;III;LC;0,6;0,97
Acrocephalus arundinaceus;Acraru;Ebird;273;CLIM;II;LC;0,69;0,98
Acrocephalus arundinaceus;Acraru;Ebird;273;CLIM_EFAs;II;LC;0,68;1
Acrocephalus arundinaceus;Acraru;Ebird;273;EFAs;II;LC;0,68;0,99
Acrocephalus melanopogon;Acrmel;Ebird;37;CLIM;I;LC;0,87;0,92
Acrocephalus melanopogon;Acrmel;Ebird;37;CLIM_EFAs;I;LC;0,75;0,9
Acrocephalus melanopogon;Acrmel;Ebird;37;EFAs;I;LC;0,62;0,84
Acrocephalus schoenobaenus;Acrsch;Ebird;135;CLIM;II;LC;0,81;0,95
Acrocephalus schoenobaenus;Acrsch;Ebird;135;CLIM_EFAs;II;LC;0,71;0,98
Acrocephalus schoenobaenus;Acrsch;Ebird;135;EFAs;II;LC;0,67;0,99
Acrocephalus scirpaceus;Acrsci;Ebird;179;CLIM;II;LC;0,67;0,91
Acrocephalus scirpaceus;Acrsci;Ebird;179;CLIM_EFAs;II;LC;0,6;0,93
Acrocephalus scirpaceus;Acrsci;Ebird;179;EFAs;II;LC;0,64;0,93
Actitis hypoleucos;Acthyp;Ebird;683;CLIM;III;LC;0,54;0,72
Actitis hypoleucos;Acthyp;Ebird;683;CLIM_EFAs;III;LC;0,56;0,85
Actitis hypoleucos;Acthyp;Ebird;683;EFAs;III;LC;0,55;0,59
Aegithalos caudatus;Aegcau;Ebird;1068;CLIM;IV;LC;0,66;0,75
Aegithalos caudatus;Aegcau;Ebird;1068;CLIM_EFAs;IV;LC;0,66;0,69
Aegithalos caudatus;Aegcau;Ebird;1068;EFAs;IV;LC;0,66;0,57
Aegolius funereus;Aegfun;Ebird;24;CLIM;I;LC;0,95;0,97
Aegolius funereus;Aegfun;Ebird;24;CLIM_EFAs;I;LC;0,93;0,75
Aegolius funereus;Aegfun;Ebird;24;EFAs;I;LC;0,9;0,69
Aegypius monachus;Aegmon;Ebird;365;CLIM;II;LC;0,85;0,98
Aegypius monachus;Aegmon;Ebird;365;CLIM_EFAs;II;LC;0,86;0,99
Aegypius monachus;Aegmon;Ebird;365;EFAs;II;LC;0,78;0,98
Alauda arvensis;Alaarv;Ebird;736;CLIM;III;LC;0,54;0,41
Alauda arvensis;Alaarv;Ebird;736;CLIM_EFAs;III;LC;0,52;0,23
Alauda arvensis;Alaarv;Ebird;736;EFAs;III;LC;0,53;0,6
Alcedo atthis;Alcatt;Ebird;704;CLIM;III;VU;0,67;0,81
Alcedo atthis;Alcatt;Ebird;704;CLIM_EFAs;III;VU;0,67;0,98
Alcedo atthis;Alcatt;Ebird;704;EFAs;III;VU;0,67;0,86
Alectoris rufa;Aleruf;Ebird;1169;CLIM;IV;LC;0,65;0,61
Alectoris rufa;Aleruf;Ebird;1169;CLIM_EFAs;IV;LC;0,62;0,65
Alectoris rufa;Aleruf;Ebird;1169;EFAs;IV;LC;0,64;0,56
Anas acuta;Anaacu;Ebird;197;CLIM;II;LC;0,81;0,99
Anas acuta;Anaacu;Ebird;197;CLIM_EFAs;II;LC;0,84;0,98
Anas acuta;Anaacu;Ebird;197;EFAs;II;LC;0,78;0,99
Anas clypeata;Anacly;Ebird;402;CLIM;II;LC;0,73;0,95
Anas clypeata;Anacly;Ebird;402;CLIM_EFAs;II;LC;0,71;0,99
Anas clypeata;Anacly;Ebird;402;EFAs;II;LC;0,69;1
Anas crecca;Anacre;Ebird;411;CLIM;II;LC;0,69;0,99
Anas crecca;Anacre;Ebird;411;CLIM_EFAs;II;LC;0,64;0,98
Anas crecca;Anacre;Ebird;411;EFAs;II;LC;0,62;0,99
Anas platyrhynchos;Anapla;Ebird;1235;CLIM;IV;LC;0,65;0,86
Anas platyrhynchos;Anapla;Ebird;1235;CLIM_EFAs;IV;LC;0,67;0,99
Anas platyrhynchos;Anapla;Ebird;1235;EFAs;IV;LC;0,69;0,66
Anas querquedula;Anaque;Ebird;160;CLIM;II;LC;0,73;0,99
Anas querquedula;Anaque;Ebird;160;CLIM_EFAs;II;LC;0,72;0,99
Anas querquedula;Anaque;Ebird;160;EFAs;II;LC;0,74;0,97
Anas strepera;Anastr;Ebird;383;CLIM;II;LC;0,8;0,99
Anas strepera;Anastr;Ebird;383;CLIM_EFAs;II;LC;0,79;0,98
Anas strepera;Anastr;Ebird;383;EFAs;II;LC;0,75;0,94
Anthus campestris;Antcam;Ebird;289;CLIM;II;LC;0,6;0,31
Anthus campestris;Antcam;Ebird;289;CLIM_EFAs;II;LC;0,58;0,35
Anthus campestris;Antcam;Ebird;289;EFAs;II;LC;0,55;0,21
Anthus pratensis;Antpra;Ebird;1067;CLIM;IV;NT;0,51;0,99
Anthus pratensis;Antpra;Ebird;1067;CLIM_EFAs;IV;NT;0,5;1
Anthus pratensis;Antpra;Ebird;1067;EFAs;IV;NT;0,53;0,91
Anthus spinoletta;Antspi;Ebird;357;CLIM;II;LC;0,87;1
Anthus spinoletta;Antspi;Ebird;357;CLIM_EFAs;II;LC;0,9;1
Anthus spinoletta;Antspi;Ebird;357;EFAs;II;LC;0,94;1
Anthus trivialis;Anttri;Ebird;295;CLIM;II;LC;0,83;0,84
Anthus trivialis;Anttri;Ebird;295;CLIM_EFAs;II;LC;0,82;0,93
Anthus trivialis;Anttri;Ebird;295;EFAs;II;LC;0,8;0,98
Apus apus;Apuapu;Ebird;1224;CLIM;IV;LC;0,57;0,83
Apus apus;Apuapu;Ebird;1224;CLIM_EFAs;IV;LC;0,54;0,91
Apus apus;Apuapu;Ebird;1224;EFAs;IV;LC;0,53;0,44
Apus caffer;Apucaf;Ebird;38;CLIM;I;NT;0,87;0,8
Apus caffer;Apucaf;Ebird;38;CLIM_EFAs;I;NT;0,88;0,88
Apus caffer;Apucaf;Ebird;38;EFAs;I;NT;0,8;0,87
Apus melba;Apume;Ebird;360;CLIM;II;LC;0,72;0,86
Apus melba;Apume;Ebird;360;CLIM_EFAs;II;LC;0,69;0,87
Apus melba;Apume;Ebird;360;EFAs;II;LC;0,58;0,78
Apus pallidus;Apupal;Ebird;382;CLIM;II;LC;0,87;0,8
Apus pallidus;Apupal;Ebird;382;CLIM_EFAs;II;LC;0,86;0,82
Apus pallidus;Apupal;Ebird;382;EFAs;II;LC;0,75;0,97
Aquila adalberti;Aquada;Ebird;101;CLIM;II;VU;0,87;0,84
Aquila adalberti;Aquada;Ebird;101;CLIM_EFAs;II;VU;0,88;0,94
Aquila adalberti;Aquada;Ebird;101;EFAs;II;VU;0,78;0,97
Aquila chrysaetos;Aquchr;Ebird;509;CLIM;III;LC;0,7;0,69
Aquila chrysaetos;Aquchr;Ebird;509;CLIM_EFAs;III;LC;0,64;0,78
Aquila chrysaetos;Aquchr;Ebird;509;EFAs;III;LC;0,58;0,41
Aquila fasciata;Aqufas;Ebird;301;CLIM;II;LC;0,71;0,77
Aquila fasciata;Aqufas;Ebird;301;CLIM_EFAs;II;LC;0,69;0,74
Aquila fasciata;Aqufas;Ebird;301;EFAs;II;LC;0,67;0,72
Ardea alba;Ardalb;Ebird;308;CLIM;II;LC;0,81;0,91
Ardea alba;Ardalb;Ebird;308;CLIM_EFAs;II;LC;0,73;0,92
Ardea alba;Ardalb;Ebird;308;EFAs;II;LC;0,76;0,96
Ardea cinerea;Ardcin;Ebird;1315;CLIM;IV;LC;0,69;0,89
Ardea cinerea;Ardcin;Ebird;1315;CLIM_EFAs;IV;LC;0,7;0,99
Ardea cinerea;Ardcin;Ebird;1315;EFAs;IV;LC;0,7;0,79
Ardea purpurea;Ardpur;Ebird;317;CLIM;II;LC;0,82;1
Ardea purpurea;Ardpur;Ebird;317;CLIM_EFAs;II;LC;0,76;0,98
Ardea purpurea;Ardpur;Ebird;317;EFAs;II;LC;0,73;0,73
Ardeola ralloides;Ardral;Ebird;140;CLIM;II;LC;0,89;0,83
Ardeola ralloides;Ardral;Ebird;140;CLIM_EFAs;II;LC;0,83;0,98
Ardeola ralloides;Ardral;Ebird;140;EFAs;II;LC;0,82;0,91
Asio flammeus;Asifla;Ebird;103;CLIM;II;LC;0,63;0,86
Asio flammeus;Asifla;Ebird;103;CLIM_EFAs;II;LC;0,7;0,92
Asio flammeus;Asifla;Ebird;103;EFAs;II;LC;0,72;0,97
Asio otus;Asiotu;Ebird;117;CLIM;II;LC;0,52;0,11
Asio otus;Asiotu;Ebird;117;CLIM_EFAs;II;LC;0,56;0,38
Asio otus;Asiotu;Ebird;117;EFAs;II;LC;0,57;0,51
Athene noctua;Athnoc;Ebird;685;CLIM;III;LC;0,72;0,45
Athene noctua;Athnoc;Ebird;685;CLIM_EFAs;III;LC;0,67;0,48
Athene noctua;Athnoc;Ebird;685;EFAs;III;LC;0,7;0,52
Aythya ferina;Aytfer;Ebird;304;CLIM;II;VU;0,77;0,99
Aythya ferina;Aytfer;Ebird;304;CLIM_EFAs;II;VU;0,72;0,99
Aythya ferina;Aytfer;Ebird;304;EFAs;II;VU;0,71;0,94
Aythya fuligula;Aytful;Ebird;180;CLIM;II;LC;0,73;0,98
Aythya fuligula;Aytful;Ebird;180;CLIM_EFAs;II;LC;0,76;0,9
Aythya fuligula;Aytful;Ebird;180;EFAs;II;LC;0,73;0,98
Aythya nyroca;Aytnyr;Ebird;85;CLIM;I;LC;0,97;0,99
Aythya nyroca;Aytnyr;Ebird;85;CLIM_EFAs;I;LC;0,81;0,94
Aythya nyroca;Aytnyr;Ebird;85;EFAs;I;LC;0,77;0,99
Botaurus stellaris;Botste;Ebird;59;CLIM;I;LC;0,8;0,95
Botaurus stellaris;Botste;Ebird;59;CLIM_EFAs;I;LC;0,67;0,94
Botaurus stellaris;Botste;Ebird;59;EFAs;I;LC;0,69;0,99
Bubo bubo;Bubbub;Ebird;185;CLIM;II;LC;0,63;0,59
Bubo bubo;Bubbub;Ebird;185;CLIM_EFAs;II;LC;0,59;0,64
Bubo bubo;Bubbub;Ebird;185;EFAs;II;LC;0,59;0,53
Bubulcus ibis;Bubibi;Ebird;866;CLIM;III;LC;0,86;0,99
Bubulcus ibis;Bubibi;Ebird;866;CLIM_EFAs;III;LC;0,86;0,83
Bubulcus ibis;Bubibi;Ebird;866;EFAs;III;LC;0,84;0,95
Bucanetes githagineus;Bucgit;Ebird;17;CLIM;I;LC;0,92;0,49
Bucanetes githagineus;Bucgit;Ebird;17;CLIM_EFAs;I;LC;0,98;0,96
Bucanetes githagineus;Bucgit;Ebird;17;EFAs;I;LC;0,97;0,84
Burhinus oedicnemus;Buroed;Ebird;382;CLIM;II;LC;0,71;0,94
Burhinus oedicnemus;Buroed;Ebird;382;CLIM_EFAs;II;LC;0,76;0,98
Burhinus oedicnemus;Buroed;Ebird;382;EFAs;II;LC;0,74;0,75
Buteo buteo;Butbut;Ebird;1736;CLIM;IV;LC;0,65;0,57
Buteo buteo;Butbut;Ebird;1736;CLIM_EFAs;IV;LC;0,7;0,55
Buteo buteo;Butbut;Ebird;1736;EFAs;IV;LC;0,71;0,69
Calandrella brachydactyla;Calbra;Ebird;255;CLIM;II;LC;0,65;0,78
Calandrella brachydactyla;Calbra;Ebird;255;CLIM_EFAs;II;LC;0,68;0,82
Calandrella brachydactyla;Calbra;Ebird;255;EFAs;II;LC;0,66;0,57
Calandrella rufescens;Calruf;Ebird;80;CLIM;I;LC;0,88;0,67
Calandrella rufescens;Calruf;Ebird;80;CLIM_EFAs;I;LC;0,9;0,97
Calandrella rufescens;Calruf;Ebird;80;EFAs;I;LC;0,86;0,99
Calandrella rufescens aptezii;Calrufapt;Ebird;NA;NA;NA;NA;NA;NA
Calandrella rufescens aptezii;Calrufapt;Ebird;NA;NA;NA;NA;NA;NA
Calandrella rufescens aptezii;Calrufapt;Ebird;NA;NA;NA;NA;NA;NA
Caprimulgus europaeus;Capeur;Ebird;166;CLIM;II;LC;0,71;0,56
Caprimulgus europaeus;Capeur;Ebird;166;CLIM_EFAs;II;LC;0,69;0,45
Caprimulgus europaeus;Capeur;Ebird;166;EFAs;II;LC;0,67;0,51
Caprimulgus ruficollis;Capruf;Ebird;189;CLIM;II;LC;0,77;0,96
Caprimulgus ruficollis;Capruf;Ebird;189;CLIM_EFAs;II;LC;0,76;0,79
Caprimulgus ruficollis;Capruf;Ebird;189;EFAs;II;LC;0,75;0,56
Carduelis carduelis;Carcar;Ebird;1772;CLIM;IV;LC;0,5;0,46
Carduelis carduelis;Carcar;Ebird;1772;CLIM_EFAs;IV;LC;0,51;0,54
Carduelis carduelis;Carcar;Ebird;1772;EFAs;IV;LC;0,52;0,39
Carduelis citrinella;Carcit;Ebird;137;CLIM;II;LC;0,93;0,99
Carduelis citrinella;Carcit;Ebird;137;CLIM_EFAs;II;LC;0,91;0,99
Carduelis citrinella;Carcit;Ebird;137;EFAs;II;LC;0,91;0,95
Cecropis daurica;Cecdau;Ebird;863;CLIM;III;LC;0,86;0,97
Cecropis daurica;Cecdau;Ebird;863;CLIM_EFAs;III;LC;0,86;0,9
Cecropis daurica;Cecdau;Ebird;863;EFAs;III;LC;0,82;0,72
Cercotrichas galactotes;Cergal;Ebird;NA;NA;NA;NA;NA;NA
Cercotrichas galactotes;Cergal;Ebird;NA;NA;NA;NA;NA;NA
Cercotrichas galactotes;Cergal;Ebird;NA;NA;NA;NA;NA;NA
Certhia brachydactyla;Cerbra;Ebird;1054;CLIM;IV;LC;0,74;0,72
Certhia brachydactyla;Cerbra;Ebird;1054;CLIM_EFAs;IV;LC;0,73;0,59
Certhia brachydactyla;Cerbra;Ebird;1054;EFAs;IV;LC;0,71;0,7
Certhia familiaris;Cerfam;Ebird;53;CLIM;I;LC;0,97;0,98
Certhia familiaris;Cerfam;Ebird;53;CLIM_EFAs;I;LC;0,96;0,82
Certhia familiaris;Cerfam;Ebird;53;EFAs;I;LC;0,97;0,78
Cettia cetti;Cetcet;Ebird;945;CLIM;III;LC;0,61;0,64
Cettia cetti;Cetcet;Ebird;945;CLIM_EFAs;III;LC;0,61;0,75
Cettia cetti;Cetcet;Ebird;945;EFAs;III;LC;0,58;0,77
Charadrius alexandrinus;Chaale;Ebird;246;CLIM;II;LC;0,91;0,95
Charadrius alexandrinus;Chaale;Ebird;246;CLIM_EFAs;II;LC;0,85;0,97
Charadrius alexandrinus;Chaale;Ebird;246;EFAs;II;LC;0,78;0,97
Charadrius dubius;Chadub;Ebird;504;CLIM;III;LC;0,73;0,87
Charadrius dubius;Chadub;Ebird;504;CLIM_EFAs;III;LC;0,7;0,77
Charadrius dubius;Chadub;Ebird;504;EFAs;III;LC;0,72;0,8
Chersophilus duponti;Chedup;Ebird;26;CLIM;I;VU;0,88;0,94
Chersophilus duponti;Chedup;Ebird;26;CLIM_EFAs;I;VU;0,87;0,95
Chersophilus duponti;Chedup;Ebird;26;EFAs;I;VU;0,8;0,43
Chlidonias hybrida;Chlhyb;Ebird;171;CLIM;II;LC;0,8;0,96
Chlidonias hybrida;Chlhyb;Ebird;171;CLIM_EFAs;II;LC;0,8;1
Chlidonias hybrida;Chlhyb;Ebird;171;EFAs;II;LC;0,8;0,99
Chlidonias niger;Chlnig;Ebird;169;CLIM;II;LC;0,73;0,96
Chlidonias niger;Chlnig;Ebird;169;CLIM_EFAs;II;LC;0,71;0,97
Chlidonias niger;Chlnig;Ebird;169;EFAs;II;LC;0,66;1
Chloris chloris;Chlchl;Ebird;1498;CLIM;IV;LC;0,62;0,45
Chloris chloris;Chlchl;Ebird;1498;CLIM_EFAs;IV;LC;0,59;0,62
Chloris chloris;Chlchl;Ebird;1498;EFAs;IV;LC;0,55;0,62
Ciconia ciconia;Ciccic;Ebird;1116;CLIM;IV;LC;0,78;0,92
Ciconia ciconia;Ciccic;Ebird;1116;CLIM_EFAs;IV;LC;0,83;0,96
Ciconia ciconia;Ciccic;Ebird;1116;EFAs;IV;LC;0,81;0,9
Ciconia nigra;Cicnig;Ebird;342;CLIM;II;LC;0,83;0,99
Ciconia nigra;Cicnig;Ebird;342;CLIM_EFAs;II;LC;0,82;0,99
Ciconia nigra;Cicnig;Ebird;342;EFAs;II;LC;0,81;0,95
Cinclus cinclus;Cincin;Ebird;218;CLIM;II;LC;0,88;0,97
Cinclus cinclus;Cincin;Ebird;218;CLIM_EFAs;II;LC;0,84;0,97
Cinclus cinclus;Cincin;Ebird;218;EFAs;II;LC;0,87;0,94
Circaetus gallicus;Circgal;Ebird;846;CLIM;III;LC;0,67;0,37
Circaetus gallicus;Circgal;Ebird;846;CLIM_EFAs;III;LC;0,66;0,47
Circaetus gallicus;Circgal;Ebird;846;EFAs;III;LC;0,64;0,32
Circus aeruginosus;Ciraer;Ebird;638;CLIM;III;LC;0,72;0,84
Circus aeruginosus;Ciraer;Ebird;638;CLIM_EFAs;III;LC;0,73;0,86
Circus aeruginosus;Ciraer;Ebird;638;EFAs;III;LC;0,71;0,92
Circus cyaneus;Circya;Ebird;451;CLIM;II;NT;0,66;0,7
Circus cyaneus;Circya;Ebird;451;CLIM_EFAs;II;NT;0,68;0,62
Circus cyaneus;Circya;Ebird;451;EFAs;II;NT;0,66;0,7
Circus pygargus;Cirpyg;Ebird;538;CLIM;III;LC;0,67;0,61
Circus pygargus;Cirpyg;Ebird;538;CLIM_EFAs;III;LC;0,69;0,89
Circus pygargus;Cirpyg;Ebird;538;EFAs;III;LC;0,68;0,82
Cisticola juncidis;Cisjun;Ebird;880;CLIM;III;LC;0,77;0,59
Cisticola juncidis;Cisjun;Ebird;880;CLIM_EFAs;III;LC;0,71;0,46
Cisticola juncidis;Cisjun;Ebird;880;EFAs;III;LC;0,71;0,71
Clamator glandarius;Clagla;Ebird;308;CLIM;II;LC;0,62;0,56
Clamator glandarius;Clagla;Ebird;308;CLIM_EFAs;II;LC;0,63;0,5
Clamator glandarius;Clagla;Ebird;308;EFAs;II;LC;0,67;0,86
Coccothraustes coccothraustes;Coccoc;Ebird;307;CLIM;II;LC;0,64;0,75
Coccothraustes coccothraustes;Coccoc;Ebird;307;CLIM_EFAs;II;LC;0,67;0,7
Coccothraustes coccothraustes;Coccoc;Ebird;307;EFAs;II;LC;0,67;0,71
Columba livia;Colliv;Ebird;1126;CLIM;IV;LC;0,51;0,48
Columba livia;Colliv;Ebird;1126;CLIM_EFAs;IV;LC;0,51;0,64
Columba livia;Colliv;Ebird;1126;EFAs;IV;LC;0,54;0,32
Columba oenas;Coloen;Ebird;230;CLIM;II;LC;0,79;0,67
Columba oenas;Coloen;Ebird;230;CLIM_EFAs;II;LC;0,78;0,7
Columba oenas;Coloen;Ebird;230;EFAs;II;LC;0,64;0,5
Columba palumbus;Colpal;Ebird;1517;CLIM;IV;LC;0,54;0,49
Columba palumbus;Colpal;Ebird;1517;CLIM_EFAs;IV;LC;0,54;0,53
Columba palumbus;Colpal;Ebird;1517;EFAs;IV;LC;0,53;0,52
Coracias garrulus;Corgar;Ebird;193;CLIM;II;LC;0,59;-0,23
Coracias garrulus;Corgar;Ebird;193;CLIM_EFAs;II;LC;0,56;-0,08
Coracias garrulus;Corgar;Ebird;193;EFAs;II;LC;0,52;0,48
Corvus corax;Corcor;Ebird;1116;CLIM;IV;LC;0,69;0,59
Corvus corax;Corcor;Ebird;1116;CLIM_EFAs;IV;LC;0,68;0,67
Corvus corax;Corcor;Ebird;1116;EFAs;IV;LC;0,62;0,56
Corvus corone;Corcoro;Ebird;1453;CLIM;IV;LC;0,83;0,74
Corvus corone;Corcoro;Ebird;1453;CLIM_EFAs;IV;LC;0,78;0,57
Corvus corone;Corcoro;Ebird;1453;EFAs;IV;LC;0,69;0,31
Corvus frugilegus;Corfru;Ebird;15;CLIM;I;LC;0,67;0,42
Corvus frugilegus;Corfru;Ebird;15;CLIM_EFAs;I;LC;0,62;0,28
Corvus frugilegus;Corfru;Ebird;15;EFAs;I;LC;0,67;0,9
Corvus monedula;Corvmon;Ebird;NA;NA;NA;NA;NA;NA
Corvus monedula;Corvmon;Ebird;NA;NA;NA;NA;NA;NA
Corvus monedula;Corvmon;Ebird;NA;NA;NA;NA;NA;NA
Coturnix coturnix;Cotcot;Ebird;453;CLIM;II;LC;0,5;0,42
Coturnix coturnix;Cotcot;Ebird;453;CLIM_EFAs;II;LC;0,56;0,56
Coturnix coturnix;Cotcot;Ebird;453;EFAs;II;LC;0,57;0,36
Cuculus canorus;Cuccan;Ebird;800;CLIM;III;LC;0,67;0,47
Cuculus canorus;Cuccan;Ebird;800;CLIM_EFAs;III;LC;0,66;0,5
Cuculus canorus;Cuccan;Ebird;800;EFAs;III;LC;0,62;0,37
Cyanistes caeruleus;Cyacae;Ebird;1476;CLIM;IV;LC;0,72;0,71
Cyanistes caeruleus;Cyacae;Ebird;1476;CLIM_EFAs;IV;LC;0,71;0,72
Cyanistes caeruleus;Cyacae;Ebird;1476;EFAs;IV;LC;0,71;0,76
Cyanopica cooki;Cyacoo;Ebird;667;CLIM;III;LC;0,87;0,95
Cyanopica cooki;Cyacoo;Ebird;667;CLIM_EFAs;III;LC;0,87;0,81
Cyanopica cooki;Cyacoo;Ebird;667;EFAs;III;LC;0,83;0,79
Cygnus olor;Cygolo;Ebird;75;CLIM;I;LC;0,93;0,97
Cygnus olor;Cygolo;Ebird;75;CLIM_EFAs;I;LC;0,81;0,97
Cygnus olor;Cygolo;Ebird;75;EFAs;I;LC;0,81;0,93
Delichon urbicum;Delurb;Ebird;1348;CLIM;IV;LC;0,57;0,47
Delichon urbicum;Delurb;Ebird;1348;CLIM_EFAs;IV;LC;0,58;0,55
Delichon urbicum;Delurb;Ebird;1348;EFAs;IV;LC;0,56;0,49
Dendrocopos major;Denmaj;Ebird;981;CLIM;III;LC;0,77;0,81
Dendrocopos major;Denmaj;Ebird;981;CLIM_EFAs;III;LC;0,75;0,66
Dendrocopos major;Denmaj;Ebird;981;EFAs;III;LC;0,74;0,72
Dendrocopos minor;Denmin;Ebird;225;CLIM;II;LC;0,81;0,89
Dendrocopos minor;Denmin;Ebird;225;CLIM_EFAs;II;LC;0,82;0,91
Dendrocopos minor;Denmin;Ebird;225;EFAs;II;LC;0,76;0,92
Dendrocopos minor;Denmin;Ebird;NA;NA;NA;NA;NA;NA
Dendrocopos minor;Denmin;Ebird;NA;NA;NA;NA;NA;NA
Dendrocopos minor;Denmin;Ebird;NA;NA;NA;NA;NA;NA
Dryocopus martius;Drymart;Ebird;78;CLIM;I;LC;0,98;0,91
Dryocopus martius;Drymart;Ebird;78;CLIM_EFAs;I;LC;0,97;0,95
Dryocopus martius;Drymart;Ebird;78;EFAs;I;LC;0,95;0,91
Egretta garzetta;Egrgar;Ebird;811;CLIM;III;LC;0,86;0,99
Egretta garzetta;Egrgar;Ebird;811;CLIM_EFAs;III;LC;0,83;0,96
Egretta garzetta;Egrgar;Ebird;811;EFAs;III;LC;0,82;0,95
Elanus caeruleus;Elacae;Ebird;494;CLIM;II;LC;0,82;0,79
Elanus caeruleus;Elacae;Ebird;494;CLIM_EFAs;II;LC;0,84;0,98
Elanus caeruleus;Elacae;Ebird;494;EFAs;II;LC;0,84;0,96
Emberiza calandra;Embcal;Ebird;1216;CLIM;IV;LC;0,69;0,49
Emberiza calandra;Embcal;Ebird;1216;CLIM_EFAs;IV;LC;0,67;0,69
Emberiza calandra;Embcal;Ebird;1216;EFAs;IV;LC;0,72;0,7
Emberiza cia;Embcia;Ebird;746;CLIM;III;LC;0,7;0,64
Emberiza cia;Embcia;Ebird;746;CLIM_EFAs;III;LC;0,64;0,61
Emberiza cia;Embcia;Ebird;746;EFAs;III;LC;0,68;0,4
Emberiza cirlus;Embcir;Ebird;884;CLIM;III;LC;0,69;0,5
Emberiza cirlus;Embcir;Ebird;884;CLIM_EFAs;III;LC;0,67;0,3
Emberiza cirlus;Embcir;Ebird;884;EFAs;III;LC;0,63;0,29
Emberiza citrinella;Embcit;Ebird;192;CLIM;II;LC;0,94;0,99
Emberiza citrinella;Embcit;Ebird;192;CLIM_EFAs;II;LC;0,93;0,99
Emberiza citrinella;Embcit;Ebird;192;EFAs;II;LC;0,94;1
Emberiza hortulana;Embhor;Ebird;138;CLIM;II;LC;0,8;0,88
Emberiza hortulana;Embhor;Ebird;138;CLIM_EFAs;II;LC;0,78;0,87
Emberiza hortulana;Embhor;Ebird;138;EFAs;II;LC;0,76;0,43
Emberiza schoeniclus;Embscho;Ebird;233;CLIM;II;LC;0,78;0,96
Emberiza schoeniclus;Embscho;Ebird;233;CLIM_EFAs;II;LC;0,74;0,95
Emberiza schoeniclus;Embscho;Ebird;233;EFAs;II;LC;0,64;0,98
Erithacus rubecula;Erirub;Ebird;1764;CLIM;IV;LC;0,65;0,84
Erithacus rubecula;Erirub;Ebird;1764;CLIM_EFAs;IV;LC;0,65;0,79
Erithacus rubecula;Erirub;Ebird;1764;EFAs;IV;LC;0,66;0,61
Falco naumanni;Falnau;Ebird;345;CLIM;II;LC;0,79;0,76
Falco naumanni;Falnau;Ebird;345;CLIM_EFAs;II;LC;0,8;0,93
Falco naumanni;Falnau;Ebird;345;EFAs;II;LC;0,77;1
Falco peregrinus;Falper;Ebird;623;CLIM;III;LC;0,62;0,48
Falco peregrinus;Falper;Ebird;623;CLIM_EFAs;III;LC;0,57;0,33
Falco peregrinus;Falper;Ebird;623;EFAs;III;LC;0,53;0,4
Falco subbuteo;Falsub;Ebird;321;CLIM;II;LC;0,66;0,47
Falco subbuteo;Falsub;Ebird;321;CLIM_EFAs;II;LC;0,69;0,55
Falco subbuteo;Falsub;Ebird;321;EFAs;II;LC;0,61;0,34
Falco tinnunculus;Faltin;Ebird;1571;CLIM;IV;LC;0,55;0,93
Falco tinnunculus;Faltin;Ebird;1571;CLIM_EFAs;IV;LC;0,55;0,5
Falco tinnunculus;Faltin;Ebird;1571;EFAs;IV;LC;0,53;0,61
Ficedula hypoleuca;Fichyp;Ebird;789;CLIM;III;LC;0,55;0,92
Ficedula hypoleuca;Fichyp;Ebird;789;CLIM_EFAs;III;LC;0,53;0,89
Ficedula hypoleuca;Fichyp;Ebird;789;EFAs;III;LC;0,5;0,54
Fringilla coelebs;Fricoe;Ebird;1842;CLIM;IV;LC;0,59;0,8
Fringilla coelebs;Fricoe;Ebird;1842;CLIM_EFAs;IV;LC;0,58;0,73
Fringilla coelebs;Fricoe;Ebird;1842;EFAs;IV;LC;0,61;0,56
Fulica atra;Fulatr;Ebird;608;CLIM;III;NT;0,69;0,87
Fulica atra;Fulatr;Ebird;608;CLIM_EFAs;III;NT;0,7;0,93
Fulica atra;Fulatr;Ebird;608;EFAs;III;NT;0,68;0,54
Fulica cristata;Fulcri;Ebird;59;CLIM;I;EN;0,88;0,85
Fulica cristata;Fulcri;Ebird;59;CLIM_EFAs;I;EN;0,85;0,71
Fulica cristata;Fulcri;Ebird;59;EFAs;I;EN;0,8;0,97
Galerida cristata;Galcri;Ebird;1156;CLIM;IV;LC;0,77;0,57
Galerida cristata;Galcri;Ebird;1156;CLIM_EFAs;IV;LC;0,73;0,87
Galerida cristata;Galcri;Ebird;1156;EFAs;IV;LC;0,75;0,72
Galerida theklae;Galthe;Ebird;663;CLIM;III;LC;0,72;0,56
Galerida theklae;Galthe;Ebird;663;CLIM_EFAs;III;LC;0,71;0,58
Galerida theklae;Galthe;Ebird;663;EFAs;III;LC;0,69;0,55
Gallinago gallinago;Galgal;Ebird;458;CLIM;II;LC;0,71;0,94
Gallinago gallinago;Galgal;Ebird;458;CLIM_EFAs;II;LC;0,74;0,99
Gallinago gallinago;Galgal;Ebird;458;EFAs;II;LC;0,69;0,92
Gallinula chloropus;Galchl;Ebird;801;CLIM;III;LC;0,69;0,78
Gallinula chloropus;Galchl;Ebird;801;CLIM_EFAs;III;LC;0,67;0,76
Gallinula chloropus;Galchl;Ebird;801;EFAs;III;LC;0,67;0,49
Garrulus glandarius;Gargla;Ebird;1249;CLIM;IV;LC;0,8;0,73
Garrulus glandarius;Gargla;Ebird;1249;CLIM_EFAs;IV;LC;0,78;0,65
Garrulus glandarius;Gargla;Ebird;1249;EFAs;IV;LC;0,78;0,67
Glareola pratincola;Glapra;Ebird;176;CLIM;II;LC;0,92;0,93
Glareola pratincola;Glapra;Ebird;176;CLIM_EFAs;II;LC;0,91;0,91
Glareola pratincola;Glapra;Ebird;176;EFAs;II;LC;0,85;0,94
Gypaetus barbatus;Gypbar;Ebird;112;CLIM;II;VU;0,99;0,87
Gypaetus barbatus;Gypbar;Ebird;112;CLIM_EFAs;II;VU;0,99;0,83
Gypaetus barbatus;Gypbar;Ebird;112;EFAs;II;VU;0,92;0,94
Gyps fulvus;Gypful;Ebird;1151;CLIM;IV;LC;0,73;0,91
Gyps fulvus;Gypful;Ebird;1151;CLIM_EFAs;IV;LC;0,7;0,93
Gyps fulvus;Gypful;Ebird;1151;EFAs;IV;LC;0,64;0,72
Haematopus ostralegus;Haeost;Ebird;142;CLIM;II;VU;0,95;0,65
Haematopus ostralegus;Haeost;Ebird;142;CLIM_EFAs;II;VU;0,82;0,79
Haematopus ostralegus;Haeost;Ebird;142;EFAs;II;VU;0,85;0,95
Hieraaetus pennatus;Hiepen;Ebird;996;CLIM;III;LC;0,61;0,59
Hieraaetus pennatus;Hiepen;Ebird;996;CLIM_EFAs;III;LC;0,62;0,59
Hieraaetus pennatus;Hiepen;Ebird;996;EFAs;III;LC;0,62;0,65
Himantopus himantopus;Himhim;Ebird;499;CLIM;II;LC;0,8;0,92
Himantopus himantopus;Himhim;Ebird;499;CLIM_EFAs;II;LC;0,78;0,99
Himantopus himantopus;Himhim;Ebird;499;EFAs;II;LC;0,78;1
Hippolais polyglotta;Hippol;Ebird;637;CLIM;III;LC;0,58;0,04
Hippolais polyglotta;Hippol;Ebird;637;CLIM_EFAs;III;LC;0,56;0,29
Hippolais polyglotta;Hippol;Ebird;637;EFAs;III;LC;0,56;0,17
Hippolais polyglotta;Hippol;Ebird;NA;NA;NA;NA;NA;NA
Hippolais polyglotta;Hippol;Ebird;NA;NA;NA;NA;NA;NA
Hippolais polyglotta;Hippol;Ebird;NA;NA;NA;NA;NA;NA
Hirundo rustica;Hirrus;Ebird;1696;CLIM;IV;LC;0,53;0,28
Hirundo rustica;Hirrus;Ebird;1696;CLIM_EFAs;IV;LC;0,54;0,67
Hirundo rustica;Hirrus;Ebird;1696;EFAs;IV;LC;0,54;0,59
Hydrobates pelagicus;Hydpel;Ebird;34;CLIM;I;LC;0,98;0,99
Hydrobates pelagicus;Hydpel;Ebird;34;CLIM_EFAs;I;LC;0,94;0,93
Hydrobates pelagicus;Hydpel;Ebird;34;EFAs;I;LC;0,76;0,95
Iduna opaca;Iduopa;Ebird;52;CLIM;I;LC;0,81;0,86
Iduna opaca;Iduopa;Ebird;52;CLIM_EFAs;I;LC;0,84;0,82
Iduna opaca;Iduopa;Ebird;52;EFAs;I;LC;0,67;0,97
Ixobrychus minutus;Ixomin;Ebird;150;CLIM;II;LC;0,77;0,94
Ixobrychus minutus;Ixomin;Ebird;150;CLIM_EFAs;II;LC;0,71;0,84
Ixobrychus minutus;Ixomin;Ebird;150;EFAs;II;LC;0,72;0,82
Jynx torquilla;Jyntor;Ebird;301;CLIM;II;LC;0,63;0,37
Jynx torquilla;Jyntor;Ebird;301;CLIM_EFAs;II;LC;0,64;0,32
Jynx torquilla;Jyntor;Ebird;301;EFAs;II;LC;0,55;0,35
Lagopus muta;Lagmut;Ebird;NA;NA;NA;NA;NA;NA
Lagopus muta;Lagmut;Ebird;NA;NA;NA;NA;NA;NA
Lagopus muta;Lagmut;Ebird;NA;NA;NA;NA;NA;NA
Lanius collurio;Lancol;Ebird;220;CLIM;II;LC;0,96;1
Lanius collurio;Lancol;Ebird;220;CLIM_EFAs;II;LC;0,95;0,99
Lanius collurio;Lancol;Ebird;220;EFAs;II;LC;0,93;0,96
Lanius excubitor;Lanexc;Ebird;NA;NA;NA;NA;NA;NA
Lanius excubitor;Lanexc;Ebird;NA;NA;NA;NA;NA;NA
Lanius excubitor;Lanexc;Ebird;NA;NA;NA;NA;NA;NA
Lanius minor;Lanmin;Ebird;NA;NA;NA;NA;NA;NA
Lanius minor;Lanmin;Ebird;NA;NA;NA;NA;NA;NA
Lanius minor;Lanmin;Ebird;NA;NA;NA;NA;NA;NA
Lanius senator;Lansen;Ebird;884;CLIM;III;LC;0,8;0,56
Lanius senator;Lansen;Ebird;884;CLIM_EFAs;III;LC;0,76;0,56
Lanius senator;Lansen;Ebird;884;EFAs;III;LC;0,77;0,54
Larus audouinii;Laraud;Ebird;NA;NA;NA;NA;NA;NA
Larus audouinii;Laraud;Ebird;NA;NA;NA;NA;NA;NA
Larus audouinii;Laraud;Ebird;NA;NA;NA;NA;NA;NA
Larus fuscus;Larfus;Ebird;588;CLIM;III;LC;0,91;0,97
Larus fuscus;Larfus;Ebird;588;CLIM_EFAs;III;LC;0,9;1
Larus fuscus;Larfus;Ebird;588;EFAs;III;LC;0,78;0,99
Larus genei;Largen;Ebird;NA;NA;NA;NA;NA;NA
Larus genei;Largen;Ebird;NA;NA;NA;NA;NA;NA
Larus genei;Largen;Ebird;NA;NA;NA;NA;NA;NA
Larus michahellis;Larmic;Ebird;620;CLIM;III;LC;0,87;0,93
Larus michahellis;Larmic;Ebird;620;CLIM_EFAs;III;LC;0,84;0,97
Larus michahellis;Larmic;Ebird;620;EFAs;III;LC;0,8;0,98
Larus ridibundus;Larrid;Ebird;NA;NA;NA;NA;NA;NA
Larus ridibundus;Larrid;Ebird;NA;NA;NA;NA;NA;NA
Larus ridibundus;Larrid;Ebird;NA;NA;NA;NA;NA;NA
Leiopicus medius;Leimed;Ebird;19;CLIM;I;LC;0,97;0,94
Leiopicus medius;Leimed;Ebird;19;CLIM_EFAs;I;LC;0,97;0,83
Leiopicus medius;Leimed;Ebird;19;EFAs;I;LC;0,97;0,92
Linaria cannabina;Lincan;Ebird;1456;CLIM;IV;LC;0,5;0,83
Linaria cannabina;Lincan;Ebird;1456;CLIM_EFAs;IV;LC;0,51;0,69
Linaria cannabina;Lincan;Ebird;1456;EFAs;IV;LC;0,54;0,42
Locustella luscinioides;Loclus;Ebird;75;CLIM;I;LC;0,87;0,96
Locustella luscinioides;Loclus;Ebird;75;CLIM_EFAs;I;LC;0,8;0,92
Locustella luscinioides;Loclus;Ebird;75;EFAs;I;LC;0,73;0,97
Locustella naevia;Locnae;Ebird;71;CLIM;I;LC;0,89;0,98
Locustella naevia;Locnae;Ebird;71;CLIM_EFAs;I;LC;0,86;0,96
Locustella naevia;Locnae;Ebird;71;EFAs;I;LC;0,79;0,88
Lophophanes cristatus;Lopcri;Ebird;777;CLIM;III;LC;0,76;0,89
Lophophanes cristatus;Lopcri;Ebird;777;CLIM_EFAs;III;LC;0,77;0,68
Lophophanes cristatus;Lopcri;Ebird;777;EFAs;III;LC;0,76;0,82
Loxia curvirostra;Loxcur;Ebird;249;CLIM;II;LC;0,75;0,99
Loxia curvirostra;Loxcur;Ebird;249;CLIM_EFAs;II;LC;0,77;0,75
Loxia curvirostra;Loxcur;Ebird;249;EFAs;II;LC;0,74;0,92
Lullula arborea;Lularb;Ebird;887;CLIM;III;LC;0,67;0,61
Lullula arborea;Lularb;Ebird;887;CLIM_EFAs;III;LC;0,64;0,19
Lullula arborea;Lularb;Ebird;887;EFAs;III;LC;0,64;0,53
Luscinia megarhynchos;Lusmeg;Ebird;889;CLIM;III;LC;0,65;0,55
Luscinia megarhynchos;Lusmeg;Ebird;889;CLIM_EFAs;III;LC;0,67;0,78
Luscinia megarhynchos;Lusmeg;Ebird;889;EFAs;III;LC;0,65;0,74
Luscinia svecica;Lussve;Ebird;184;CLIM;II;LC;0,57;0,82
Luscinia svecica;Lussve;Ebird;184;CLIM_EFAs;II;LC;0,59;0,89
Luscinia svecica;Lussve;Ebird;184;EFAs;II;LC;0,52;0,98
Marmaronetta angustirostris;Marang;Ebird;56;CLIM;I;VU;0,95;0,93
Marmaronetta angustirostris;Marang;Ebird;56;CLIM_EFAs;I;VU;0,9;0,9
Marmaronetta angustirostris;Marang;Ebird;56;EFAs;I;VU;0,86;0,94
Melanocorypha calandra;Melcal;Ebird;340;CLIM;II;LC;0,76;0,65
Melanocorypha calandra;Melcal;Ebird;340;CLIM_EFAs;II;LC;0,8;0,98
Melanocorypha calandra;Melcal;Ebird;340;EFAs;II;LC;0,81;0,7
Merops apiaster;Merapi;Ebird;1068;CLIM;IV;LC;0,8;0,6
Merops apiaster;Merapi;Ebird;1068;CLIM_EFAs;IV;LC;0,77;0,73
Merops apiaster;Merapi;Ebird;1068;EFAs;IV;LC;0,79;0,68
Milvus migrans;Milmig;Ebird;1096;CLIM;IV;LC;0,7;0,58
Milvus migrans;Milmig;Ebird;1096;CLIM_EFAs;IV;LC;0,72;0,66
Milvus migrans;Milmig;Ebird;1096;EFAs;IV;LC;0,72;0,69
Milvus milvus;Milmil;Ebird;889;CLIM;III;NT/LC;0,78;0,95
Milvus milvus;Milmil;Ebird;889;CLIM_EFAs;III;NT/LC;0,78;0,95
Milvus milvus;Milmil;Ebird;889;EFAs;III;NT/LC;0,72;0,86
Monticola saxatilis;Monsax;Ebird;169;CLIM;II;LC;0,84;1
Monticola saxatilis;Monsax;Ebird;169;CLIM_EFAs;II;LC;0,8;0,99
Monticola saxatilis;Monsax;Ebird;169;EFAs;II;LC;0,8;0,92
Monticola solitarius;Monsol;Ebird;463;CLIM;II;LC;0,68;0,5
Monticola solitarius;Monsol;Ebird;463;CLIM_EFAs;II;LC;0,68;0,49
Monticola solitarius;Monsol;Ebird;463;EFAs;II;LC;0,66;0,41
Montifringilla nivalis;Monniv;Ebird;33;CLIM;I;LC;0,97;0,91
Montifringilla nivalis;Monniv;Ebird;33;CLIM_EFAs;I;LC;0,96;0,81
Montifringilla nivalis;Monniv;Ebird;33;EFAs;I;LC;0,96;0,86
Motacilla alba;Motalb;Ebird;1788;CLIM;IV;LC;0,55;0,69
Motacilla alba;Motalb;Ebird;1788;CLIM_EFAs;IV;LC;0,54;0,75
Motacilla alba;Motalb;Ebird;1788;EFAs;IV;LC;0,53;0,75
Motacilla cinerea;Motcin;Ebird;958;CLIM;III;LC;0,7;0,57
Motacilla cinerea;Motcin;Ebird;958;CLIM_EFAs;III;LC;0,69;0,4
Motacilla cinerea;Motcin;Ebird;958;EFAs;III;LC;0,66;0,7
Motacilla flava;Motfla;Ebird;524;CLIM;III;LC;0,6;0,73
Motacilla flava;Motfla;Ebird;524;CLIM_EFAs;III;LC;0,65;0,73
Motacilla flava;Motfla;Ebird;524;EFAs;III;LC;0,62;0,72
Muscicapa striata;Musstr;Ebird;NA;NA;NA;NA;NA;NA
Muscicapa striata;Musstr;Ebird;NA;NA;NA;NA;NA;NA
Muscicapa striata;Musstr;Ebird;NA;NA;NA;NA;NA;NA
Neophron percnopterus;Neoper;Ebird;453;CLIM;II;EN;0,79;0,92
Neophron percnopterus;Neoper;Ebird;453;CLIM_EFAs;II;EN;0,76;0,99
Neophron percnopterus;Neoper;Ebird;453;EFAs;II;EN;0,63;0,82
Netta rufina;Netruf;Ebird;193;CLIM;II;LC;0,85;1
Netta rufina;Netruf;Ebird;193;CLIM_EFAs;II;LC;0,82;0,99
Netta rufina;Netruf;Ebird;193;EFAs;II;LC;0,79;0,99
Numenius arquata;Numarq;Ebird;186;CLIM;II;VU;0,88;0,83
Numenius arquata;Numarq;Ebird;186;CLIM_EFAs;II;VU;0,9;0,99
Numenius arquata;Numarq;Ebird;186;EFAs;II;VU;0,8;0,97
Numida meleagris;Nummel;Ebird;NA;NA;NA;NA;NA;NA
Numida meleagris;Nummel;Ebird;NA;NA;NA;NA;NA;NA
Numida meleagris;Nummel;Ebird;NA;NA;NA;NA;NA;NA
Nycticorax nycticorax;Nycnyc;Ebird;217;CLIM;II;LC;0,75;0,99
Nycticorax nycticorax;Nycnyc;Ebird;217;CLIM_EFAs;II;LC;0,72;0,99
Nycticorax nycticorax;Nycnyc;Ebird;217;EFAs;II;LC;0,7;0,97
Oenanthe hispanica;Oenhis;Ebird;411;CLIM;II;LC;0,72;0,49
Oenanthe hispanica;Oenhis;Ebird;411;CLIM_EFAs;II;LC;0,69;0,36
Oenanthe hispanica;Oenhis;Ebird;411;EFAs;II;LC;0,7;0,49
Oenanthe leucura;Oenleu;Ebird;209;CLIM;II;VU;0,8;0,97
Oenanthe leucura;Oenleu;Ebird;209;CLIM_EFAs;II;VU;0,78;0,99
Oenanthe leucura;Oenleu;Ebird;209;EFAs;II;VU;0,74;0,97
Oenanthe oenanthe;Oenoen;Ebird;775;CLIM;III;LC;0,55;0,7
Oenanthe oenanthe;Oenoen;Ebird;775;CLIM_EFAs;III;LC;0,53;0,53
Oenanthe oenanthe;Oenoen;Ebird;775;EFAs;III;LC;0,52;0,29
Oriolus oriolus;Oriori;Ebird;603;CLIM;III;LC;0,59;0,54
Oriolus oriolus;Oriori;Ebird;603;CLIM_EFAs;III;LC;0,57;0,46
Oriolus oriolus;Oriori;Ebird;603;EFAs;III;LC;0,58;0,52
Otis tarda;Otitar;Ebird;217;CLIM;II;LC;0,83;0,95
Otis tarda;Otitar;Ebird;217;CLIM_EFAs;II;LC;0,85;0,99
Otis tarda;Otitar;Ebird;217;EFAs;II;LC;0,84;0,92
Otus scops;Otusco;Ebird;184;CLIM;II;LC;0,56;0,31
Otus scops;Otusco;Ebird;184;CLIM_EFAs;II;LC;0,55;0,18
Otus scops;Otusco;Ebird;184;EFAs;II;LC;0,52;0,29
Oxyura leucocephala;Oxyleu;Ebird;81;CLIM;I;EN;0,9;0,97
Oxyura leucocephala;Oxyleu;Ebird;81;CLIM_EFAs;I;EN;0,9;0,95
Oxyura leucocephala;Oxyleu;Ebird;81;EFAs;I;EN;0,87;0,99
Pandion haliaetus;Panhal;Ebird;275;CLIM;II;LC;0,79;0,93
Pandion haliaetus;Panhal;Ebird;275;CLIM_EFAs;II;LC;0,78;0,99
Pandion haliaetus;Panhal;Ebird;275;EFAs;II;LC;0,68;0,99
Panurus biarmicus;Panbia;Ebird;37;CLIM;I;LC;0,88;0,98
Panurus biarmicus;Panbia;Ebird;37;CLIM_EFAs;I;LC;0,84;0,95
Panurus biarmicus;Panbia;Ebird;37;EFAs;I;LC;0,73;0,93
Parus major;Parmaj;Ebird;1746;CLIM;IV;LC;0,62;0,71
Parus major;Parmaj;Ebird;1746;CLIM_EFAs;IV;LC;0,61;0,71
Parus major;Parmaj;Ebird;1746;EFAs;IV;LC;0,61;0,48
Passer domesticus;Pasdom;Ebird;1917;CLIM;IV;LC;0,53;0,48
Passer domesticus;Pasdom;Ebird;1917;CLIM_EFAs;IV;LC;0,54;0,78
Passer domesticus;Pasdom;Ebird;1917;EFAs;IV;LC;0,51;0,67
Passer hispaniolensis;Pashis;Ebird;361;CLIM;II;LC;0,86;0,89
Passer hispaniolensis;Pashis;Ebird;361;CLIM_EFAs;II;LC;0,86;0,93
Passer hispaniolensis;Pashis;Ebird;361;EFAs;II;LC;0,84;0,87
Passer montanus;Pasmon;Ebird;548;CLIM;III;LC;0,65;0,45
Passer montanus;Pasmon;Ebird;548;CLIM_EFAs;III;LC;0,65;0,45
Passer montanus;Pasmon;Ebird;548;EFAs;III;LC;0,58;0,31
Perdix perdix;Perper;Ebird;32;CLIM;I;LC;0,96;0,84
Perdix perdix;Perper;Ebird;32;CLIM_EFAs;I;LC;0,95;0,93
Perdix perdix;Perper;Ebird;32;EFAs;I;LC;0,97;0,89
Periparus ater;Perate;Ebird;749;CLIM;III;LC;0,85;0,78
Periparus ater;Perate;Ebird;749;CLIM_EFAs;III;LC;0,83;0,84
Periparus ater;Perate;Ebird;749;EFAs;III;LC;0,83;0,91
Pernis apivorus;Perapi;Ebird;357;CLIM;II;LC;0,75;0,77
Pernis apivorus;Perapi;Ebird;357;CLIM_EFAs;II;LC;0,79;0,83
Pernis apivorus;Perapi;Ebird;357;EFAs;II;LC;0,81;0,82
Petronia petronia;Petpet;Ebird;530;CLIM;III;LC;0,67;0,54
Petronia petronia;Petpet;Ebird;530;CLIM_EFAs;III;LC;0,61;0,56
Petronia petronia;Petpet;Ebird;530;EFAs;III;LC;0,59;0,56
Phalacrocorax aristotelis;Phaari;Ebird;132;CLIM;II;LC;0,97;0,89
Phalacrocorax aristotelis;Phaari;Ebird;132;CLIM_EFAs;II;LC;0,95;0,92
Phalacrocorax aristotelis;Phaari;Ebird;132;EFAs;II;LC;0,89;0,98
Phalacrocorax carbo;Phacar;Ebird;984;CLIM;III;LC;0,62;0,85
Phalacrocorax carbo;Phacar;Ebird;984;CLIM_EFAs;III;LC;0,62;0,97
Phalacrocorax carbo;Phacar;Ebird;984;EFAs;III;LC;0,61;0,94
Phoenicopterus roseus;Phoros;Ebird;211;CLIM;II;LC;0,88;0,95
Phoenicopterus roseus;Phoros;Ebird;211;CLIM_EFAs;II;LC;0,87;0,87
Phoenicopterus roseus;Phoros;Ebird;211;EFAs;II;LC;0,83;0,98
Phoenicurus ochruros;Phooch;Ebird;1501;CLIM;IV;LC;0,56;0,48
Phoenicurus ochruros;Phooch;Ebird;1501;CLIM_EFAs;IV;LC;0,56;0,56
Phoenicurus ochruros;Phooch;Ebird;1501;EFAs;IV;LC;0,53;0,59
Phoenicurus phoenicurus;Phopho;Ebird;370;CLIM;II;LC;0,68;0,7
Phoenicurus phoenicurus;Phopho;Ebird;370;CLIM_EFAs;II;LC;0,68;0,72
Phoenicurus phoenicurus;Phopho;Ebird;370;EFAs;II;LC;0,63;0,74
Phylloscopus bonelli;Phybon;Ebird;386;CLIM;II;LC;0,67;0,52
Phylloscopus bonelli;Phybon;Ebird;386;CLIM_EFAs;II;LC;0,62;0,44
Phylloscopus bonelli;Phybon;Ebird;386;EFAs;II;LC;0,65;0,41
Phylloscopus collybita;Phycol;Ebird;1259;CLIM;IV;LC;0,51;0,73
Phylloscopus collybita;Phycol;Ebird;1259;CLIM_EFAs;IV;LC;0,54;0,85
Phylloscopus collybita;Phycol;Ebird;1259;EFAs;IV;LC;0,52;0,65
Phylloscopus ibericus;Phyibe;Ebird;372;CLIM;II;LC;0,83;0,94
Phylloscopus ibericus;Phyibe;Ebird;372;CLIM_EFAs;II;LC;0,82;0,95
Phylloscopus ibericus;Phyibe;Ebird;372;EFAs;II;LC;0,74;0,83
Phylloscopus sibillatrix;Physib;Ebird;20;CLIM;I;LC;0,51;0,46
Phylloscopus sibillatrix;Physib;Ebird;20;CLIM_EFAs;I;LC;0,57;0,8
Phylloscopus sibillatrix;Physib;Ebird;20;EFAs;I;LC;0,59;0,6
Phylloscopus trochilus;Phytro;Ebird;613;CLIM;III;LC;0,6;0,96
Phylloscopus trochilus;Phytro;Ebird;613;CLIM_EFAs;III;LC;0,55;0,99
Phylloscopus trochilus;Phytro;Ebird;613;EFAs;III;LC;0,56;0,95
Pica pica;Picpic;Ebird;1367;CLIM;IV;LC;0,54;0,95
Pica pica;Picpic;Ebird;1367;CLIM_EFAs;IV;LC;0,52;0,48
Pica pica;Picpic;Ebird;1367;EFAs;IV;LC;0,51;0,6
Picus viridis;Picvir;Ebird;900;CLIM;III;LC;0,6;0,49
Picus viridis;Picvir;Ebird;900;CLIM_EFAs;III;LC;0,59;0,4
Picus viridis;Picvir;Ebird;900;EFAs;III;LC;0,58;0,29
Platalea leucorodia;Plaleu;Ebird;281;CLIM;II;LC;0,93;0,98
Platalea leucorodia;Plaleu;Ebird;281;CLIM_EFAs;II;LC;0,92;0,99
Platalea leucorodia;Plaleu;Ebird;281;EFAs;II;LC;0,83;0,96
Plegadis falcinellus;Plefal;Ebird;158;CLIM;II;LC;0,86;0,94
Plegadis falcinellus;Plefal;Ebird;158;CLIM_EFAs;II;LC;0,87;0,89
Plegadis falcinellus;Plefal;Ebird;158;EFAs;II;LC;0,81;0,99
Podiceps cristatus;Podcri;Ebird;466;CLIM;II;LC;0,71;0,89
Podiceps cristatus;Podcri;Ebird;466;CLIM_EFAs;II;LC;0,69;0,94
Podiceps cristatus;Podcri;Ebird;466;EFAs;II;LC;0,69;0,94
Podiceps nigricollis;Podnig;Ebird;214;CLIM;II;LC;0,73;0,9
Podiceps nigricollis;Podnig;Ebird;214;CLIM_EFAs;II;LC;0,72;0,99
Podiceps nigricollis;Podnig;Ebird;214;EFAs;II;LC;0,76;1
Poecile palustris;Poepal;Ebird;106;CLIM;II;LC;0,97;0,96
Poecile palustris;Poepal;Ebird;106;CLIM_EFAs;II;LC;0,97;0,72
Poecile palustris;Poepal;Ebird;106;EFAs;II;LC;0,96;0,78
Porphyrio porphyrio;Porpor;Ebird;153;CLIM;II;LC;0,9;0,92
Porphyrio porphyrio;Porpor;Ebird;153;CLIM_EFAs;II;LC;0,84;0,98
Porphyrio porphyrio;Porpor;Ebird;153;EFAs;II;LC;0,79;0,98
Porzana porzana;Porporz;Ebird;49;CLIM;I;LC;0,79;0,93
Porzana porzana;Porporz;Ebird;49;CLIM_EFAs;I;LC;0,79;0,83
Porzana porzana;Porporz;Ebird;49;EFAs;I;LC;0,6;0,95
Porzana pusilla;Porpus;Ebird;22;CLIM;I;LC;0,81;0,83
Porzana pusilla;Porpus;Ebird;22;CLIM_EFAs;I;LC;0,81;0,95
Porzana pusilla;Porpus;Ebird;22;EFAs;I;LC;0,68;0,88
Prunella collaris;Prucol;Ebird;128;CLIM;II;LC;0,97;0,99
Prunella collaris;Prucol;Ebird;128;CLIM_EFAs;II;LC;0,95;0,98
Prunella collaris;Prucol;Ebird;128;EFAs;II;LC;0,97;0,99
Prunella modularis;Prumod;Ebird;607;CLIM;III;LC;0,9;0,93
Prunella modularis;Prumod;Ebird;607;CLIM_EFAs;III;LC;0,89;0,92
Prunella modularis;Prumod;Ebird;607;EFAs;III;LC;0,91;0,82
Pterocles alchata;Ptealc;Ebird;100;CLIM;I;LC;0,89;0,99
Pterocles alchata;Ptealc;Ebird;100;CLIM_EFAs;I;LC;0,91;0,99
Pterocles alchata;Ptealc;Ebird;100;EFAs;I;LC;0,86;0,96
Pterocles orientalis;Pteori;Ebird;160;CLIM;II;EN;0,79;0,83
Pterocles orientalis;Pteori;Ebird;160;CLIM_EFAs;II;EN;0,83;0,98
Pterocles orientalis;Pteori;Ebird;160;EFAs;II;EN;0,81;0,91
Ptyonoprogne rupestris;Ptyrup;Ebird;914;CLIM;III;LC;0,63;0,3
Ptyonoprogne rupestris;Ptyrup;Ebird;914;CLIM_EFAs;III;LC;0,63;0,35
Ptyonoprogne rupestris;Ptyrup;Ebird;914;EFAs;III;LC;0,6;0,55
Pyrrhocorax graculus;Pyrgra;Ebird;106;CLIM;II;LC;0,97;0,87
Pyrrhocorax graculus;Pyrgra;Ebird;106;CLIM_EFAs;II;LC;0,96;0,86
Pyrrhocorax graculus;Pyrgra;Ebird;106;EFAs;II;LC;0,96;0,91
Pyrrhocorax pyrrhocorax;Pyrpyr;Ebird;484;CLIM;II;LC;0,8;0,89
Pyrrhocorax pyrrhocorax;Pyrpyr;Ebird;484;CLIM_EFAs;II;LC;0,76;0,95
Pyrrhocorax pyrrhocorax;Pyrpyr;Ebird;484;EFAs;II;LC;0,72;0,82
Pyrrhula pyrrhula;Pyrpyrr;Ebird;271;CLIM;II;LC;0,94;1
Pyrrhula pyrrhula;Pyrpyrr;Ebird;271;CLIM_EFAs;II;LC;0,93;1
Pyrrhula pyrrhula;Pyrpyrr;Ebird;271;EFAs;II;LC;0,94;0,98
Rallus aquaticus;Ralaqu;Ebird;257;CLIM;II;LC;0,72;0,72
Rallus aquaticus;Ralaqu;Ebird;257;CLIM_EFAs;II;LC;0,7;0,34
Rallus aquaticus;Ralaqu;Ebird;257;EFAs;II;LC;0,64;0,51
Recurvirostra avosetta;Recavo;Ebird;224;CLIM;II;LC;0,85;0,99
Recurvirostra avosetta;Recavo;Ebird;224;CLIM_EFAs;II;LC;0,84;0,98
Recurvirostra avosetta;Recavo;Ebird;224;EFAs;II;LC;0,81;0,99
Regulus ignicapilla;Regign;Ebird;709;CLIM;III;LC;0,79;0,76
Regulus ignicapilla;Regign;Ebird;709;CLIM_EFAs;III;LC;0,76;0,77
Regulus ignicapilla;Regign;Ebird;709;EFAs;III;LC;0,77;0,72
Regulus regulus;Regreg;Ebird;203;CLIM;II;LC;0,9;0,98
Regulus regulus;Regreg;Ebird;203;CLIM_EFAs;II;LC;0,89;0,96
Regulus regulus;Regreg;Ebird;203;EFAs;II;LC;0,93;1
Remiz pendulinus;Rempen;Ebird;185;CLIM;II;LC;0,74;0,88
Remiz pendulinus;Rempen;Ebird;185;CLIM_EFAs;II;LC;0,7;0,72
Remiz pendulinus;Rempen;Ebird;185;EFAs;II;LC;0,64;0,45
Riparia riparia;Riprip;Ebird;506;CLIM;III;LC;0,63;0,79
Riparia riparia;Riprip;Ebird;506;CLIM_EFAs;III;LC;0,66;0,66
Riparia riparia;Riprip;Ebird;506;EFAs;III;LC;0,6;0,69
Saxicola rubetra;Saxrub;Ebird;358;CLIM;II;LC;0,66;0,79
Saxicola rubetra;Saxrub;Ebird;358;CLIM_EFAs;II;LC;0,76;0,65
Saxicola rubetra;Saxrub;Ebird;358;EFAs;II;LC;0,65;0,63
Saxicola torquatus;Saxtor;Ebird;NA;NA;NA;NA;NA;NA
Saxicola torquatus;Saxtor;Ebird;NA;NA;NA;NA;NA;NA
Saxicola torquatus;Saxtor;Ebird;NA;NA;NA;NA;NA;NA
Scolopax rusticola;Scorus;Ebird;84;CLIM;I;LC;0,56;0,24
Scolopax rusticola;Scorus;Ebird;84;CLIM_EFAs;I;LC;0,72;0,36
Scolopax rusticola;Scorus;Ebird;84;EFAs;I;LC;0,58;0,19
Serinus serinus;Serser;Ebird;1670;CLIM;IV;LC;0,53;0,55
Serinus serinus;Serser;Ebird;1670;CLIM_EFAs;IV;LC;0,51;0,59
Serinus serinus;Serser;Ebird;1670;EFAs;IV;LC;0,53;0,3
Sitta europaea;Siteur;Ebird;679;CLIM;III;LC;0,8;0,74
Sitta europaea;Siteur;Ebird;679;CLIM_EFAs;III;LC;0,8;0,56
Sitta europaea;Siteur;Ebird;679;EFAs;III;LC;0,79;0,77
Spinus spinus;Spispi;Ebird;424;CLIM;II;LC;0,63;0,85
Spinus spinus;Spispi;Ebird;424;CLIM_EFAs;II;LC;0,65;0,88
Spinus spinus;Spispi;Ebird;424;EFAs;II;LC;0,57;0,75
Sterna hirundo;Stehir;Ebird;177;CLIM;II;LC;0,82;0,54
Sterna hirundo;Stehir;Ebird;177;CLIM_EFAs;II;LC;0,75;0,75
Sterna hirundo;Stehir;Ebird;177;EFAs;II;LC;0,79;0,95
Sterna nilotica;Stenil;Ebird;173;CLIM;II;LC;0,86;0,92
Sterna nilotica;Stenil;Ebird;173;CLIM_EFAs;II;LC;0,86;0,91
Sterna nilotica;Stenil;Ebird;173;EFAs;II;LC;0,83;0,99
Sternula albifrons;Stealb;Ebird;161;CLIM;II;LC;0,89;0,88
Sternula albifrons;Stealb;Ebird;161;CLIM_EFAs;II;LC;0,86;0,98
Sternula albifrons;Stealb;Ebird;161;EFAs;II;LC;0,88;0,97
Streptopelia decaocto;Strdec;Ebird;1351;CLIM;IV;LC;0,66;0,72
Streptopelia decaocto;Strdec;Ebird;1351;CLIM_EFAs;IV;LC;0,62;0,84
Streptopelia decaocto;Strdec;Ebird;1351;EFAs;IV;LC;0,62;0,76
Streptopelia turtur;Strtur;Ebird;690;CLIM;III;VU;0,62;-0,06
Streptopelia turtur;Strtur;Ebird;690;CLIM_EFAs;III;VU;0,62;0,09
Streptopelia turtur;Strtur;Ebird;690;EFAs;III;VU;0,62;0,27
Strix aluco;Stralu;Ebird;340;CLIM;II;LC;0,71;0,73
Strix aluco;Stralu;Ebird;340;CLIM_EFAs;II;LC;0,71;0,58
Strix aluco;Stralu;Ebird;340;EFAs;II;LC;0,67;0,61
Sturnus unicolor;Stuuni;Ebird;1707;CLIM;IV;LC;0,62;0,42
Sturnus unicolor;Stuuni;Ebird;1707;CLIM_EFAs;IV;LC;0,6;0,67
Sturnus unicolor;Stuuni;Ebird;1707;EFAs;IV;LC;0,62;0,43
Sturnus vulgaris;Stuvul;Ebird;493;CLIM;II;LC;0,9;0,94
Sturnus vulgaris;Stuvul;Ebird;493;CLIM_EFAs;II;LC;0,86;0,76
Sturnus vulgaris;Stuvul;Ebird;493;EFAs;II;LC;0,69;0,87
Sylvia atricapilla;Sylatr;Ebird;1463;CLIM;IV;LC;0,67;0,71
Sylvia atricapilla;Sylatr;Ebird;1463;CLIM_EFAs;IV;LC;0,69;0,74
Sylvia atricapilla;Sylatr;Ebird;1463;EFAs;IV;LC;0,68;0,61
Sylvia borin;Sylbor;Ebird;271;CLIM;II;LC;0,62;0,29
Sylvia borin;Sylbor;Ebird;271;CLIM_EFAs;II;LC;0,61;0,43
Sylvia borin;Sylbor;Ebird;271;EFAs;II;LC;0,61;0,21
Sylvia cantillans;Sylcan;Ebird;473;CLIM;II;LC;0,59;0,47
Sylvia cantillans;Sylcan;Ebird;473;CLIM_EFAs;II;LC;0,58;0,49
Sylvia cantillans;Sylcan;Ebird;473;EFAs;II;LC;0,53;0,43
Sylvia communis;Sylcom;Ebird;381;CLIM;II;LC;0,58;0,4
Sylvia communis;Sylcom;Ebird;381;CLIM_EFAs;II;LC;0,6;0,34
Sylvia communis;Sylcom;Ebird;381;EFAs;II;LC;0,58;0,38
Sylvia conspicillata;Sylcon;Ebird;160;CLIM;II;LC;0,57;0,2
Sylvia conspicillata;Sylcon;Ebird;160;CLIM_EFAs;II;LC;0,6;0,67
Sylvia conspicillata;Sylcon;Ebird;160;EFAs;II;LC;0,6;0,2
Sylvia hortensis;Sylhor;Ebird;193;CLIM;II;LC;0,59;0,52
Sylvia hortensis;Sylhor;Ebird;193;CLIM_EFAs;II;LC;0,59;0,41
Sylvia hortensis;Sylhor;Ebird;193;EFAs;II;LC;0,56;0,4
Sylvia melanocephala;Sylmel;Ebird;1365;CLIM;IV;LC;0,84;0,59
Sylvia melanocephala;Sylmel;Ebird;1365;CLIM_EFAs;IV;LC;0,77;0,61
Sylvia melanocephala;Sylmel;Ebird;1365;EFAs;IV;LC;0,81;0,73
Sylvia undata;Sylund;Ebird;790;CLIM;III;NT;0,56;0,35
Sylvia undata;Sylund;Ebird;790;CLIM_EFAs;III;NT;0,58;0,45
Sylvia undata;Sylund;Ebird;790;EFAs;III;NT;0,54;0,26
Tachybaptus ruficollis;Tacruf;Ebird;665;CLIM;III;LC;0,68;0,89
Tachybaptus ruficollis;Tacruf;Ebird;665;CLIM_EFAs;III;LC;0,67;0,87
Tachybaptus ruficollis;Tacruf;Ebird;665;EFAs;III;LC;0,68;0,74
Tadorna tadorna;Tadtad;Ebird;191;CLIM;II;LC;0,9;0,97
Tadorna tadorna;Tadtad;Ebird;191;CLIM_EFAs;II;LC;0,9;0,98
Tadorna tadorna;Tadtad;Ebird;191;EFAs;II;LC;0,85;0,99
Tetrao urogallus;Teturo;Ebird;NA;NA;NA;NA;NA;NA
Tetrao urogallus;Teturo;Ebird;NA;NA;NA;NA;NA;NA
Tetrao urogallus;Teturo;Ebird;NA;NA;NA;NA;NA;NA
Tetrax tetrax;Tettet;Ebird;257;CLIM;II;VU;0,75;0,75
Tetrax tetrax;Tettet;Ebird;257;CLIM_EFAs;II;VU;0,79;0,97
Tetrax tetrax;Tettet;Ebird;257;EFAs;II;VU;0,8;0,92
Tichodroma muraria;Ticmur;Ebird;72;CLIM;I;LC;0,96;0,79
Tichodroma muraria;Ticmur;Ebird;72;CLIM_EFAs;I;LC;0,95;0,77
Tichodroma muraria;Ticmur;Ebird;72;EFAs;I;LC;0,95;0,98
Tringa ochropus;Trioch;Ebird;597;CLIM;III;LC;0,75;0,92
Tringa ochropus;Trioch;Ebird;597;CLIM_EFAs;III;LC;0,69;0,94
Tringa ochropus;Trioch;Ebird;597;EFAs;III;LC;0,63;0,95
Tringa totanus;Tritot;Ebird;315;CLIM;II;LC;0,74;0,96
Tringa totanus;Tritot;Ebird;315;CLIM_EFAs;II;LC;0,74;0,96
Tringa totanus;Tritot;Ebird;315;EFAs;II;LC;0,73;0,99
Troglodytes troglodytes;Trotro;Ebird;1226;CLIM;IV;LC;0,77;0,69
Troglodytes troglodytes;Trotro;Ebird;1226;CLIM_EFAs;IV;LC;0,75;0,65
Troglodytes troglodytes;Trotro;Ebird;1226;EFAs;IV;LC;0,75;0,61
Turdus merula;Turmer;Ebird;2077;CLIM;IV;LC;0,61;0,81
Turdus merula;Turmer;Ebird;2077;CLIM_EFAs;IV;LC;0,6;0,76
Turdus merula;Turmer;Ebird;2077;EFAs;IV;LC;0,57;0,56
Turdus philomelos;Turphi;Ebird;967;CLIM;III;LC;0,61;0,52
Turdus philomelos;Turphi;Ebird;967;CLIM_EFAs;III;LC;0,62;0,6
Turdus philomelos;Turphi;Ebird;967;EFAs;III;LC;0,59;0,68
Turdus torquatus;Turtor;Ebird;117;CLIM;II;LC;0,96;0,98
Turdus torquatus;Turtor;Ebird;117;CLIM_EFAs;II;LC;0,92;0,99
Turdus torquatus;Turtor;Ebird;117;EFAs;II;LC;0,93;0,99
Turdus viscivorus;Turvis;Ebird;790;CLIM;III;LC;0,64;0,38
Turdus viscivorus;Turvis;Ebird;790;CLIM_EFAs;III;LC;0,61;0,11
Turdus viscivorus;Turvis;Ebird;790;EFAs;III;LC;0,63;0,45
Tyto alba;Tytalb;Ebird;239;CLIM;II;LC;0,58;-0,11
Tyto alba;Tytalb;Ebird;239;CLIM_EFAs;II;LC;0,59;0,03
Tyto alba;Tytalb;Ebird;239;EFAs;II;LC;0,6;0,48
Upupa epops;Upuepo;Ebird;1270;CLIM;IV;LC;0,72;0,47
Upupa epops;Upuepo;Ebird;1270;CLIM_EFAs;IV;LC;0,7;0,44
Upupa epops;Upuepo;Ebird;1270;EFAs;IV;LC;0,73;0,54
Vanellus vanellus;Vanvan;Ebird;704;CLIM;III;VU;0,58;0,83
Vanellus vanellus;Vanvan;Ebird;704;CLIM_EFAs;III;VU;0,61;0,91
Vanellus vanellus;Vanvan;Ebird;704;EFAs;III;VU;0,66;0,95
